event_type,tier,workflow_benchmark,size_label,timestamp,source_log_line,job_name,message
finished,Tier 2,2dconvolution,64x64,2026-05-02T21:24:18.7687315Z,21898,Tier 2 Bench: 2dconvolution,[OK] 2dconvolution 64x64 -> 684000000.000000 ms
finished,Tier 2,2dconvolution,128x128,2026-05-02T21:24:19.9031485Z,21902,Tier 2 Bench: 2dconvolution,[OK] 2dconvolution 128x128 -> 697000000.000000 ms
finished,Tier 2,2dconvolution,192x192,2026-05-02T21:24:22.1006233Z,21906,Tier 2 Bench: 2dconvolution,[OK] 2dconvolution 192x192 -> 958000000.000000 ms
finished,Tier 2,2dconvolution,256x256,2026-05-02T21:24:26.4340146Z,21910,Tier 2 Bench: 2dconvolution,[OK] 2dconvolution 256x256 -> 0.001172 ms
finished,Tier 2,2dconvolution,384x384,2026-05-02T21:24:39.7753179Z,21914,Tier 2 Bench: 2dconvolution,[OK] 2dconvolution 384x384 -> 0.002180 ms
finished,Tier 2,2dconvolution,512x512,2026-05-02T21:25:11.5143935Z,21918,Tier 2 Bench: 2dconvolution,[OK] 2dconvolution 512x512 -> 0.003592 ms
finished,Tier 2,2dconvolution,640x640,2026-05-02T21:26:13.0358425Z,21922,Tier 2 Bench: 2dconvolution,[OK] 2dconvolution 640x640 -> 0.005413 ms
finished,Tier 2,2dconvolution,768x768,2026-05-02T21:28:01.4731859Z,21926,Tier 2 Bench: 2dconvolution,[OK] 2dconvolution 768x768 -> 0.007660 ms
timed_out_600s,Tier 2,2dconvolution,896x896,2026-05-02T21:38:01.5381577Z,21930,Tier 2 Bench: 2dconvolution,##[warning]TIMEOUT: 2dconvolution 896x896 (>600s)
finished,Tier 2,2mm,64,2026-05-02T21:24:24.0577609Z,25433,Tier 2 Bench: 2mm,[OK] 2mm 64 -> 0.006793 ms
finished,Tier 2,2mm,128,2026-05-02T21:25:43.1659018Z,25437,Tier 2 Bench: 2mm,[OK] 2mm 128 -> 0.014398 ms
timed_out_600s,Tier 2,2mm,192,2026-05-02T21:35:43.2190510Z,25441,Tier 2 Bench: 2mm,##[warning]TIMEOUT: 2mm 192 (>600s)
finished,Tier 2,3dconvolution,32x32x32,2026-05-02T21:24:24.2485411Z,20482,Tier 2 Bench: 3dconvolution,[OK] 3dconvolution 32x32x32 -> 976000000.000000 ms
finished,Tier 2,3dconvolution,48x48x48,2026-05-02T21:24:46.2690621Z,20486,Tier 2 Bench: 3dconvolution,[OK] 3dconvolution 48x48x48 -> 0.001796 ms
finished,Tier 2,3dconvolution,64x64x64,2026-05-02T21:26:04.9793063Z,20490,Tier 2 Bench: 3dconvolution,[OK] 3dconvolution 64x64x64 -> 0.003661 ms
timed_out_600s,Tier 2,3dconvolution,80x80x80,2026-05-02T21:36:05.0295643Z,20494,Tier 2 Bench: 3dconvolution,##[warning]TIMEOUT: 3dconvolution 80x80x80 (>600s)
finished,Tier 2,3mm,64,2026-05-02T21:41:22.6586004Z,32364,Tier 2 Bench: 3mm,[OK] 3mm 64 -> 0.009800 ms
finished,Tier 2,3mm,128,2026-05-02T21:43:14.6111728Z,32368,Tier 2 Bench: 3mm,[OK] 3mm 128 -> 0.019733 ms
timed_out_600s,Tier 2,3mm,192,2026-05-02T21:53:14.6534297Z,32372,Tier 2 Bench: 3mm,##[warning]TIMEOUT: 3mm 192 (>600s)
finished,Tier 2,atax,64x64,2026-05-02T21:24:20.3491042Z,30744,Tier 2 Bench: atax,[OK] atax 64x64 -> 0.008627 ms
finished,Tier 2,atax,128x128,2026-05-02T21:24:49.6719919Z,30748,Tier 2 Bench: atax,[OK] atax 128x128 -> 0.024673 ms
finished,Tier 2,atax,192x192,2026-05-02T21:27:11.7312097Z,30752,Tier 2 Bench: atax,[OK] atax 192x192 -> 0.048321 ms
finished,Tier 2,atax,256x256,2026-05-02T21:34:57.4377643Z,30756,Tier 2 Bench: atax,[OK] atax 256x256 -> 0.080102 ms
timed_out_600s,Tier 2,atax,384x384,2026-05-02T21:44:57.4517586Z,30760,Tier 2 Bench: atax,##[warning]TIMEOUT: atax 384x384 (>600s)
timed_out_600s,Tier 1,atomic_throughput,1024,2026-05-02T21:10:26.2859003Z,12027,Tier 1 Bench: atomic_throughput,##[warning]TIMEOUT: atomic_throughput 1024 (>600s)
finished,Tier 2,backprop,256,2026-05-02T21:49:09.2636351Z,39099,Tier 2 Bench: backprop,[OK] backprop 256 -> 0.010626 ms
finished,Tier 2,backprop,256,2026-05-02T21:49:11.5897864Z,39103,Tier 2 Bench: backprop,[OK] backprop 256 -> 0.010626 ms
finished,Tier 2,backprop,512,2026-05-02T21:49:19.5581682Z,39107,Tier 2 Bench: backprop,[OK] backprop 512 -> 0.019919 ms
finished,Tier 2,backprop,512,2026-05-02T21:49:27.6253309Z,39111,Tier 2 Bench: backprop,[OK] backprop 512 -> 0.019919 ms
finished,Tier 2,backprop,1024,2026-05-02T21:50:06.1601240Z,39115,Tier 2 Bench: backprop,[OK] backprop 1024 -> 0.043525 ms
finished,Tier 2,backprop,1024,2026-05-02T21:50:44.4203336Z,39119,Tier 2 Bench: backprop,[OK] backprop 1024 -> 0.043525 ms
finished,Tier 2,backprop,2048,2026-05-02T21:53:45.8536798Z,39123,Tier 2 Bench: backprop,[OK] backprop 2048 -> 0.101943 ms
finished,Tier 2,backprop,2048,2026-05-02T21:56:46.7754939Z,39127,Tier 2 Bench: backprop,[OK] backprop 2048 -> 0.101943 ms
timed_out_600s,Tier 2,backprop,4096,2026-05-02T22:06:46.7898297Z,39131,Tier 2 Bench: backprop,##[warning]TIMEOUT: backprop 4096 (>600s)
finished,Tier 2,bfs,1024,2026-05-02T21:38:34.3315020Z,29430,Tier 2 Bench: bfs,[OK] bfs 1024 -> 0.002946 ms
finished,Tier 2,bfs,2048,2026-05-02T21:38:35.3593787Z,29434,Tier 2 Bench: bfs,[OK] bfs 2048 -> 0.002942 ms
finished,Tier 2,bfs,4096,2026-05-02T21:38:36.4349714Z,29438,Tier 2 Bench: bfs,[OK] bfs 4096 -> 0.003463 ms
finished,Tier 2,bfs,8192,2026-05-02T21:38:39.4791208Z,29442,Tier 2 Bench: bfs,[OK] bfs 8192 -> 0.003369 ms
finished,Tier 2,bfs,16384,2026-05-02T21:38:45.2205830Z,29446,Tier 2 Bench: bfs,[OK] bfs 16384 -> 0.003393 ms
finished,Tier 2,bfs,32768,2026-05-02T21:39:00.3253042Z,29450,Tier 2 Bench: bfs,[OK] bfs 32768 -> 0.003501 ms
finished,Tier 2,bfs,65536,2026-05-02T21:39:36.4744153Z,29454,Tier 2 Bench: bfs,[OK] bfs 65536 -> 0.003689 ms
finished,Tier 2,bfs,131072,2026-05-02T21:40:58.4332475Z,29458,Tier 2 Bench: bfs,[OK] bfs 131072 -> 0.004028 ms
finished,Tier 2,bfs,196608,2026-05-02T21:43:09.7844892Z,29462,Tier 2 Bench: bfs,[OK] bfs 196608 -> 0.004452 ms
finished,Tier 2,bfs,262144,2026-05-02T21:46:14.0617667Z,29466,Tier 2 Bench: bfs,[OK] bfs 262144 -> 0.005567 ms
finished,Tier 2,bfs,524288,2026-05-02T21:54:29.3165087Z,29470,Tier 2 Bench: bfs,[OK] bfs 524288 -> 0.008648 ms
timed_out_600s,Tier 2,bfs,786432,2026-05-02T22:04:29.3920362Z,29474,Tier 2 Bench: bfs,##[warning]TIMEOUT: bfs 786432 (>600s)
finished,Tier 2,bh,256,2026-05-02T22:24:58.3672961Z,60216,Tier 2 Bench: bh,[OK] bh 256 -> 0.008805 ms
finished,Tier 2,bh,512,2026-05-02T22:24:59.0259895Z,60220,Tier 2 Bench: bh,[OK] bh 512 -> 0.009207 ms
finished,Tier 2,bh,1024,2026-05-02T22:25:00.2317583Z,60224,Tier 2 Bench: bh,[OK] bh 1024 -> 0.009307 ms
finished,Tier 2,bh,2048,2026-05-02T22:25:02.9131159Z,60228,Tier 2 Bench: bh,[OK] bh 2048 -> 0.009911 ms
finished,Tier 2,bh,4096,2026-05-02T22:25:08.6511526Z,60232,Tier 2 Bench: bh,[OK] bh 4096 -> 0.011163 ms
finished,Tier 2,bh,8192,2026-05-02T22:25:27.3055530Z,60236,Tier 2 Bench: bh,[OK] bh 8192 -> 0.011415 ms
finished,Tier 2,bh,16384,2026-05-02T22:26:23.4928226Z,60240,Tier 2 Bench: bh,[OK] bh 16384 -> 0.012279 ms
finished,Tier 2,bh,32768,2026-05-02T22:28:36.8821069Z,60244,Tier 2 Bench: bh,[OK] bh 32768 -> 0.013168 ms
finished,Tier 2,bh,65536,2026-05-02T22:34:13.5533097Z,60248,Tier 2 Bench: bh,[OK] bh 65536 -> 0.013968 ms
timed_out_600s,Tier 2,bh,131072,2026-05-02T22:44:13.6406301Z,60252,Tier 2 Bench: bh,##[warning]TIMEOUT: bh 131072 (>600s)
finished,Tier 2,bicg,64x64,2026-05-02T21:34:46.8343834Z,27450,Tier 2 Bench: bicg,[OK] bicg 64x64 -> 0.008956 ms
finished,Tier 2,bicg,128x128,2026-05-02T21:35:19.4986074Z,27454,Tier 2 Bench: bicg,[OK] bicg 128x128 -> 0.025249 ms
finished,Tier 2,bicg,192x192,2026-05-02T21:38:03.1508182Z,27458,Tier 2 Bench: bicg,[OK] bicg 192x192 -> 0.049130 ms
timed_out_600s,Tier 2,bicg,256x256,2026-05-02T21:48:03.1821232Z,27462,Tier 2 Bench: bicg,##[warning]TIMEOUT: bicg 256x256 (>600s)
finished,Tier 2,bitonicsort,1024,2026-05-02T21:36:41.8870628Z,26033,Tier 2 Bench: bitonicsort,[OK] bitonicsort 1024 -> 0.013677 ms
finished,Tier 2,bitonicsort,2048,2026-05-02T21:36:44.1086085Z,26037,Tier 2 Bench: bitonicsort,[OK] bitonicsort 2048 -> 0.016388 ms
finished,Tier 2,bitonicsort,4096,2026-05-02T21:36:50.9191772Z,26041,Tier 2 Bench: bitonicsort,[OK] bitonicsort 4096 -> 0.019300 ms
finished,Tier 2,bitonicsort,8192,2026-05-02T21:37:08.8386123Z,26045,Tier 2 Bench: bitonicsort,[OK] bitonicsort 8192 -> 0.022474 ms
finished,Tier 2,bitonicsort,16384,2026-05-02T21:38:13.1040703Z,26049,Tier 2 Bench: bitonicsort,[OK] bitonicsort 16384 -> 0.025920 ms
finished,Tier 2,bitonicsort,32768,2026-05-02T21:42:35.8489674Z,26053,Tier 2 Bench: bitonicsort,[OK] bitonicsort 32768 -> 0.029364 ms
timed_out_600s,Tier 2,bitonicsort,65536,2026-05-02T21:52:35.9185510Z,26057,Tier 2 Bench: bitonicsort,##[warning]TIMEOUT: bitonicsort 65536 (>600s)
finished,Tier 1,branch_div_50pct,1024,2026-05-02T21:00:25.7778312Z,16088,Tier 1 Bench: branch_div_50pct,[OK] branch_div_50pct 1024 -> 0.003396 ms
finished,Tier 1,branch_div_50pct,2048,2026-05-02T21:00:26.2662541Z,16092,Tier 1 Bench: branch_div_50pct,[OK] branch_div_50pct 2048 -> 0.003368 ms
finished,Tier 1,branch_div_50pct,4096,2026-05-02T21:00:27.0479216Z,16096,Tier 1 Bench: branch_div_50pct,[OK] branch_div_50pct 4096 -> 0.003395 ms
finished,Tier 1,branch_div_50pct,8192,2026-05-02T21:00:28.5048594Z,16100,Tier 1 Bench: branch_div_50pct,[OK] branch_div_50pct 8192 -> 0.003402 ms
finished,Tier 1,branch_div_50pct,16384,2026-05-02T21:00:32.0356161Z,16104,Tier 1 Bench: branch_div_50pct,[OK] branch_div_50pct 16384 -> 0.003402 ms
finished,Tier 1,branch_div_50pct,32768,2026-05-02T21:00:42.0635851Z,16108,Tier 1 Bench: branch_div_50pct,[OK] branch_div_50pct 32768 -> 0.003500 ms
finished,Tier 1,branch_div_50pct,65536,2026-05-02T21:01:07.6955003Z,16112,Tier 1 Bench: branch_div_50pct,[OK] branch_div_50pct 65536 -> 0.003698 ms
finished,Tier 1,branch_div_50pct,131072,2026-05-02T21:02:16.0495225Z,16116,Tier 1 Bench: branch_div_50pct,[OK] branch_div_50pct 131072 -> 0.004030 ms
finished,Tier 1,branch_div_50pct,262144,2026-05-02T21:06:10.0942975Z,16120,Tier 1 Bench: branch_div_50pct,[OK] branch_div_50pct 262144 -> 0.005623 ms
timed_out_600s,Tier 1,branch_div_50pct,524288,2026-05-02T21:16:10.1271241Z,16124,Tier 1 Bench: branch_div_50pct,##[warning]TIMEOUT: branch_div_50pct 524288 (>600s)
finished,Tier 2,bs,512,2026-05-02T21:24:18.2759695Z,18408,Tier 2 Bench: bs,[OK] bs 512 -> 0.001101 ms
finished,Tier 2,bs,1024,2026-05-02T21:24:18.4858147Z,18412,Tier 2 Bench: bs,[OK] bs 1024 -> 0.001114 ms
finished,Tier 2,bs,2048,2026-05-02T21:24:18.7487775Z,18416,Tier 2 Bench: bs,[OK] bs 2048 -> 0.001102 ms
finished,Tier 2,bs,4096,2026-05-02T21:24:19.1315887Z,18420,Tier 2 Bench: bs,[OK] bs 4096 -> 0.001112 ms
finished,Tier 2,bs,8192,2026-05-02T21:24:19.7106235Z,18424,Tier 2 Bench: bs,[OK] bs 8192 -> 0.001205 ms
finished,Tier 2,bs,16384,2026-05-02T21:24:20.6971493Z,18428,Tier 2 Bench: bs,[OK] bs 16384 -> 0.001319 ms
finished,Tier 2,bs,32768,2026-05-02T21:24:22.7512160Z,18432,Tier 2 Bench: bs,[OK] bs 32768 -> 0.001673 ms
finished,Tier 2,bs,65536,2026-05-02T21:24:27.0605858Z,18436,Tier 2 Bench: bs,[OK] bs 65536 -> 0.002392 ms
finished,Tier 2,bs,131072,2026-05-02T21:24:37.2735588Z,18440,Tier 2 Bench: bs,[OK] bs 131072 -> 0.004369 ms
finished,Tier 2,bs,262144,2026-05-02T21:25:04.6103358Z,18444,Tier 2 Bench: bs,[OK] bs 262144 -> 0.008413 ms
finished,Tier 2,bs,524288,2026-05-02T21:27:04.4279777Z,18448,Tier 2 Bench: bs,[OK] bs 524288 -> 0.252368 ms
timed_out_600s,Tier 2,bs,1048576,2026-05-02T21:37:04.4990124Z,18452,Tier 2 Bench: bs,##[warning]TIMEOUT: bs 1048576 (>600s)
finished,Tier 1,bus_speed_download,1KB,2026-05-02T20:50:19.8760671Z,10550,Tier 1 Bench: bus_speed_download,[OK] bus_speed_download 1KB -> 551000000.000000 ms
finished,Tier 1,bus_speed_download,2KB,2026-05-02T20:50:20.1753277Z,10554,Tier 1 Bench: bus_speed_download,[OK] bus_speed_download 2KB -> 549000000.000000 ms
finished,Tier 1,bus_speed_download,4KB,2026-05-02T20:50:20.4315934Z,10558,Tier 1 Bench: bus_speed_download,[OK] bus_speed_download 4KB -> 551000000.000000 ms
finished,Tier 1,bus_speed_download,8KB,2026-05-02T20:50:20.6532666Z,10562,Tier 1 Bench: bus_speed_download,[OK] bus_speed_download 8KB -> 552000000.000000 ms
finished,Tier 1,bus_speed_download,16KB,2026-05-02T20:50:20.8910426Z,10566,Tier 1 Bench: bus_speed_download,[OK] bus_speed_download 16KB -> 554000000.000000 ms
finished,Tier 1,bus_speed_download,32KB,2026-05-02T20:50:21.1819287Z,10570,Tier 1 Bench: bus_speed_download,[OK] bus_speed_download 32KB -> 558000000.000000 ms
finished,Tier 1,bus_speed_download,64KB,2026-05-02T20:50:21.6267123Z,10574,Tier 1 Bench: bus_speed_download,[OK] bus_speed_download 64KB -> 566000000.000000 ms
finished,Tier 1,bus_speed_download,128KB,2026-05-02T20:50:22.3535731Z,10578,Tier 1 Bench: bus_speed_download,[OK] bus_speed_download 128KB -> 738000000.000000 ms
finished,Tier 1,bus_speed_download,256KB,2026-05-02T20:50:23.6156500Z,10582,Tier 1 Bench: bus_speed_download,[OK] bus_speed_download 256KB -> 0.001144 ms
finished,Tier 1,bus_speed_download,512KB,2026-05-02T20:50:26.4531925Z,10586,Tier 1 Bench: bus_speed_download,[OK] bus_speed_download 512KB -> 0.001947 ms
finished,Tier 1,bus_speed_download,1024KB,2026-05-02T20:50:32.6171097Z,10590,Tier 1 Bench: bus_speed_download,[OK] bus_speed_download 1024KB -> 0.003569 ms
finished,Tier 1,bus_speed_download,2048KB,2026-05-02T20:50:46.2677638Z,10594,Tier 1 Bench: bus_speed_download,[OK] bus_speed_download 2048KB -> 0.006839 ms
finished,Tier 1,bus_speed_download,4096KB,2026-05-02T20:51:26.8641759Z,10598,Tier 1 Bench: bus_speed_download,[OK] bus_speed_download 4096KB -> 0.013344 ms
finished,Tier 1,bus_speed_download,8192KB,2026-05-02T20:52:55.2930242Z,10602,Tier 1 Bench: bus_speed_download,[OK] bus_speed_download 8192KB -> 0.026275 ms
finished,Tier 1,bus_speed_download,16384KB,2026-05-02T20:57:12.9974877Z,10606,Tier 1 Bench: bus_speed_download,[OK] bus_speed_download 16384KB -> 0.052127 ms
timed_out_600s,Tier 1,bus_speed_download,32768KB,2026-05-02T21:07:13.1291472Z,10610,Tier 1 Bench: bus_speed_download,##[warning]TIMEOUT: bus_speed_download 32768KB (>600s)
finished,Tier 1,bus_speed_readback,1KB,2026-05-02T20:50:19.4050100Z,8889,Tier 1 Bench: bus_speed_readback,[OK] bus_speed_readback 1KB -> 551000000.000000 ms
finished,Tier 1,bus_speed_readback,2KB,2026-05-02T20:50:19.6146869Z,8893,Tier 1 Bench: bus_speed_readback,[OK] bus_speed_readback 2KB -> 549000000.000000 ms
finished,Tier 1,bus_speed_readback,4KB,2026-05-02T20:50:19.8333790Z,8897,Tier 1 Bench: bus_speed_readback,[OK] bus_speed_readback 4KB -> 551000000.000000 ms
finished,Tier 1,bus_speed_readback,8KB,2026-05-02T20:50:20.0405502Z,8901,Tier 1 Bench: bus_speed_readback,[OK] bus_speed_readback 8KB -> 552000000.000000 ms
finished,Tier 1,bus_speed_readback,16KB,2026-05-02T20:50:20.2620371Z,8905,Tier 1 Bench: bus_speed_readback,[OK] bus_speed_readback 16KB -> 554000000.000000 ms
finished,Tier 1,bus_speed_readback,32KB,2026-05-02T20:50:20.5693425Z,8909,Tier 1 Bench: bus_speed_readback,[OK] bus_speed_readback 32KB -> 558000000.000000 ms
finished,Tier 1,bus_speed_readback,64KB,2026-05-02T20:50:20.9188589Z,8913,Tier 1 Bench: bus_speed_readback,[OK] bus_speed_readback 64KB -> 566000000.000000 ms
finished,Tier 1,bus_speed_readback,128KB,2026-05-02T20:50:21.4886327Z,8917,Tier 1 Bench: bus_speed_readback,[OK] bus_speed_readback 128KB -> 738000000.000000 ms
finished,Tier 1,bus_speed_readback,256KB,2026-05-02T20:50:22.3795884Z,8921,Tier 1 Bench: bus_speed_readback,[OK] bus_speed_readback 256KB -> 0.001144 ms
finished,Tier 1,bus_speed_readback,512KB,2026-05-02T20:50:24.2372084Z,8925,Tier 1 Bench: bus_speed_readback,[OK] bus_speed_readback 512KB -> 0.001947 ms
finished,Tier 1,bus_speed_readback,1024KB,2026-05-02T20:50:28.2591034Z,8929,Tier 1 Bench: bus_speed_readback,[OK] bus_speed_readback 1024KB -> 0.003569 ms
finished,Tier 1,bus_speed_readback,2048KB,2026-05-02T20:50:38.3052215Z,8933,Tier 1 Bench: bus_speed_readback,[OK] bus_speed_readback 2048KB -> 0.006839 ms
finished,Tier 1,bus_speed_readback,4096KB,2026-05-02T20:51:10.4506084Z,8937,Tier 1 Bench: bus_speed_readback,[OK] bus_speed_readback 4096KB -> 0.013344 ms
finished,Tier 1,bus_speed_readback,8192KB,2026-05-02T20:52:23.1311837Z,8941,Tier 1 Bench: bus_speed_readback,[OK] bus_speed_readback 8192KB -> 0.026275 ms
finished,Tier 1,bus_speed_readback,16384KB,2026-05-02T20:55:48.6050018Z,8945,Tier 1 Bench: bus_speed_readback,[OK] bus_speed_readback 16384KB -> 0.052127 ms
timed_out_600s,Tier 1,bus_speed_readback,32768KB,2026-05-02T21:05:48.6670051Z,8949,Tier 1 Bench: bus_speed_readback,##[warning]TIMEOUT: bus_speed_readback 32768KB (>600s)
finished,Tier 2,correlation,64x64,2026-05-02T21:41:15.8653926Z,32981,Tier 2 Bench: correlation,[OK] correlation 64x64 -> 0.009883 ms
finished,Tier 2,correlation,128x128,2026-05-02T21:41:30.0828582Z,32985,Tier 2 Bench: correlation,[OK] correlation 128x128 -> 0.019232 ms
finished,Tier 2,correlation,192x192,2026-05-02T21:42:50.6368193Z,32989,Tier 2 Bench: correlation,[OK] correlation 192x192 -> 0.028892 ms
finished,Tier 2,correlation,256x256,2026-05-02T21:47:17.0797798Z,32993,Tier 2 Bench: correlation,[OK] correlation 256x256 -> 0.039878 ms
timed_out_600s,Tier 2,correlation,384x384,2026-05-02T21:57:17.1485697Z,32997,Tier 2 Bench: correlation,##[warning]TIMEOUT: correlation 384x384 (>600s)
finished,Tier 2,covariance,64x64,2026-05-02T21:42:12.6780685Z,31555,Tier 2 Bench: covariance,[OK] covariance 64x64 -> 0.006361 ms
finished,Tier 2,covariance,128x128,2026-05-02T21:42:24.9385280Z,31559,Tier 2 Bench: covariance,[OK] covariance 128x128 -> 0.012895 ms
finished,Tier 2,covariance,192x192,2026-05-02T21:43:33.5293888Z,31563,Tier 2 Bench: covariance,[OK] covariance 192x192 -> 0.019783 ms
finished,Tier 2,covariance,256x256,2026-05-02T21:47:30.0684895Z,31567,Tier 2 Bench: covariance,[OK] covariance 256x256 -> 0.027696 ms
timed_out_600s,Tier 2,covariance,384x384,2026-05-02T21:57:30.1073152Z,31571,Tier 2 Bench: covariance,##[warning]TIMEOUT: covariance 384x384 (>600s)
finished,Tier 1,device_memory_read,1MB,2026-05-02T20:51:34.3908076Z,7429,Tier 1 Bench: device_memory_read,[OK] device_memory_read 1MB -> 0.003791 ms
timed_out_600s,Tier 1,device_memory_read,2MB,2026-05-02T21:01:34.4844574Z,7433,Tier 1 Bench: device_memory_read,##[warning]TIMEOUT: device_memory_read 2MB (>600s)
finished,Tier 1,device_memory_write,1MB,2026-05-02T20:50:23.3492850Z,15485,Tier 1 Bench: device_memory_write,[OK] device_memory_write 1MB -> 0.001951 ms
finished,Tier 1,device_memory_write,2MB,2026-05-02T20:50:31.8339355Z,15489,Tier 1 Bench: device_memory_write,[OK] device_memory_write 2MB -> 0.003607 ms
finished,Tier 1,device_memory_write,4MB,2026-05-02T20:50:59.8157898Z,15493,Tier 1 Bench: device_memory_write,[OK] device_memory_write 4MB -> 0.006879 ms
finished,Tier 1,device_memory_write,8MB,2026-05-02T20:52:01.2561195Z,15497,Tier 1 Bench: device_memory_write,[OK] device_memory_write 8MB -> 0.013345 ms
finished,Tier 1,device_memory_write,12MB,2026-05-02T20:53:45.2410826Z,15501,Tier 1 Bench: device_memory_write,[OK] device_memory_write 12MB -> 0.019811 ms
finished,Tier 1,device_memory_write,16MB,2026-05-02T20:56:28.8037972Z,15505,Tier 1 Bench: device_memory_write,[OK] device_memory_write 16MB -> 0.026275 ms
finished,Tier 1,device_memory_write,24MB,2026-05-02T21:01:34.7386256Z,15509,Tier 1 Bench: device_memory_write,[OK] device_memory_write 24MB -> 0.039202 ms
finished,Tier 1,device_memory_write,32MB,2026-05-02T21:10:58.1349886Z,15513,Tier 1 Bench: device_memory_write,[OK] device_memory_write 32MB -> 0.052129 ms
timed_out_600s,Tier 1,device_memory_write,48MB,2026-05-02T21:20:58.2035628Z,15517,Tier 1 Bench: device_memory_write,##[warning]TIMEOUT: device_memory_write 48MB (>600s)
finished,Tier 2,dmr,256,2026-05-02T22:28:47.4623891Z,60838,Tier 2 Bench: dmr,[OK] dmr 256 -> 0.001627 ms
finished,Tier 2,dmr,512,2026-05-02T22:28:47.6772817Z,60842,Tier 2 Bench: dmr,[OK] dmr 512 -> 0.001645 ms
finished,Tier 2,dmr,1024,2026-05-02T22:28:47.9590275Z,60846,Tier 2 Bench: dmr,[OK] dmr 1024 -> 0.001628 ms
finished,Tier 2,dmr,2048,2026-05-02T22:28:48.4281997Z,60850,Tier 2 Bench: dmr,[OK] dmr 2048 -> 0.001631 ms
finished,Tier 2,dmr,4096,2026-05-02T22:28:49.4322672Z,60854,Tier 2 Bench: dmr,[OK] dmr 4096 -> 0.001625 ms
finished,Tier 2,dmr,8192,2026-05-02T22:28:51.1038482Z,60858,Tier 2 Bench: dmr,[OK] dmr 8192 -> 0.001837 ms
finished,Tier 2,dmr,16384,2026-05-02T22:28:54.9173240Z,60862,Tier 2 Bench: dmr,[OK] dmr 16384 -> 0.002352 ms
finished,Tier 2,dmr,32768,2026-05-02T22:29:03.5762734Z,60866,Tier 2 Bench: dmr,[OK] dmr 32768 -> 0.003302 ms
crashed,Tier 2,dmr,65536,2026-05-02T22:29:23.2635583Z,60870,Tier 2 Bench: dmr,##[error]CRASH: dmr 65536 (exit 2)
timed_out_600s,Tier 2,dwt2d,32x32,2026-05-02T21:34:19.6715935Z,28860,Tier 2 Bench: dwt2d,##[warning]TIMEOUT: dwt2d 32x32 (>600s)
finished,Tier 2,ep,512,2026-05-02T21:24:18.3300173Z,24188,Tier 2 Bench: ep,[OK] ep 512 -> 0.002128 ms
finished,Tier 2,ep,1024,2026-05-02T21:24:18.5959874Z,24192,Tier 2 Bench: ep,[OK] ep 1024 -> 0.004420 ms
finished,Tier 2,ep,2048,2026-05-02T21:24:18.9074793Z,24196,Tier 2 Bench: ep,[OK] ep 2048 -> 0.004422 ms
finished,Tier 2,ep,4096,2026-05-02T21:24:19.3454317Z,24200,Tier 2 Bench: ep,[OK] ep 4096 -> 0.004413 ms
finished,Tier 2,ep,8192,2026-05-02T21:24:19.9548545Z,24204,Tier 2 Bench: ep,[OK] ep 8192 -> 0.004419 ms
finished,Tier 2,ep,16384,2026-05-02T21:24:21.0177719Z,24208,Tier 2 Bench: ep,[OK] ep 16384 -> 0.004424 ms
finished,Tier 2,ep,32768,2026-05-02T21:24:23.2575992Z,24212,Tier 2 Bench: ep,[OK] ep 32768 -> 0.004526 ms
finished,Tier 2,ep,65536,2026-05-02T21:24:28.2981033Z,24216,Tier 2 Bench: ep,[OK] ep 65536 -> 0.004746 ms
finished,Tier 2,ep,131072,2026-05-02T21:24:41.5827264Z,24220,Tier 2 Bench: ep,[OK] ep 131072 -> 0.005327 ms
finished,Tier 2,ep,262144,2026-05-02T21:25:17.8911296Z,24224,Tier 2 Bench: ep,[OK] ep 262144 -> 0.006799 ms
finished,Tier 2,ep,524288,2026-05-02T21:26:50.7776860Z,24228,Tier 2 Bench: ep,[OK] ep 524288 -> 0.012205 ms
finished,Tier 2,ep,1048576,2026-05-02T21:32:18.1973905Z,24232,Tier 2 Bench: ep,[OK] ep 1048576 -> 0.018960 ms
timed_out_600s,Tier 2,ep,2097152,2026-05-02T21:42:18.2369418Z,24236,Tier 2 Bench: ep,##[warning]TIMEOUT: ep 2097152 (>600s)
finished,Tier 2,fdtd2d,64,2026-05-02T21:42:28.3460484Z,34441,Tier 2 Bench: fdtd2d,[OK] fdtd2d 64 -> 0.011507 ms
finished,Tier 2,fdtd2d,128,2026-05-02T21:42:45.5919950Z,34445,Tier 2 Bench: fdtd2d,[OK] fdtd2d 128 -> 0.011286 ms
finished,Tier 2,fdtd2d,192,2026-05-02T21:43:34.2240180Z,34449,Tier 2 Bench: fdtd2d,[OK] fdtd2d 192 -> 0.011576 ms
finished,Tier 2,fdtd2d,256,2026-05-02T21:45:43.1054213Z,34453,Tier 2 Bench: fdtd2d,[OK] fdtd2d 256 -> 0.012874 ms
timed_out_600s,Tier 2,fdtd2d,384,2026-05-02T21:55:43.1544062Z,34457,Tier 2 Bench: fdtd2d,##[warning]TIMEOUT: fdtd2d 384 (>600s)
timed_out_600s,Tier 1,fp32_fma,1024,2026-05-02T21:00:18.5855473Z,13261,Tier 1 Bench: fp32_fma,##[warning]TIMEOUT: fp32_fma 1024 (>600s)
timed_out_600s,Tier 1,fp64_fma,1024,2026-05-02T21:00:19.3790056Z,11235,Tier 1 Bench: fp64_fma,##[warning]TIMEOUT: fp64_fma 1024 (>600s)
finished,Tier 2,fused_swiglu,n49152_bs256_ept1_p1,2026-05-02T22:17:56.9898003Z,54630,Tier 2 Bench: fused_swiglu,[OK] fused_swiglu n49152_bs256_ept1_p1 -> 0.001245 ms
finished,Tier 2,fused_swiglu,n98304_bs256_ept1_p1,2026-05-02T22:17:59.4437549Z,54634,Tier 2 Bench: fused_swiglu,[OK] fused_swiglu n98304_bs256_ept1_p1 -> 0.002150 ms
finished,Tier 2,fused_swiglu,n196608_bs256_ept1_p1,2026-05-02T22:18:05.4120805Z,54638,Tier 2 Bench: fused_swiglu,[OK] fused_swiglu n196608_bs256_ept1_p1 -> 0.003966 ms
finished,Tier 2,fused_swiglu,n393216_bs256_ept1_p1,2026-05-02T22:18:23.0310198Z,54642,Tier 2 Bench: fused_swiglu,[OK] fused_swiglu n393216_bs256_ept1_p1 -> 0.007628 ms
finished,Tier 2,fused_swiglu,n786432_bs256_ept1_p1,2026-05-02T22:19:14.4738369Z,54646,Tier 2 Bench: fused_swiglu,[OK] fused_swiglu n786432_bs256_ept1_p1 -> 0.014963 ms
finished,Tier 2,fused_swiglu,n1572864_bs256_ept1_p1,2026-05-02T22:21:04.8854068Z,54650,Tier 2 Bench: fused_swiglu,[OK] fused_swiglu n1572864_bs256_ept1_p1 -> 0.029511 ms
finished,Tier 2,fused_swiglu,n3145728_bs256_ept1_p1,2026-05-02T22:25:37.0429944Z,54654,Tier 2 Bench: fused_swiglu,[OK] fused_swiglu n3145728_bs256_ept1_p1 -> 0.058601 ms
finished,Tier 2,fused_swiglu,n4194304_bs256_ept1_p1,2026-05-02T22:34:54.6206454Z,54658,Tier 2 Bench: fused_swiglu,[OK] fused_swiglu n4194304_bs256_ept1_p1 -> 0.077988 ms
timed_out_600s,Tier 2,fused_swiglu,n6291456_bs256_ept1_p1,2026-05-02T22:44:54.6609680Z,54662,Tier 2 Bench: fused_swiglu,##[warning]TIMEOUT: fused_swiglu n6291456_bs256_ept1_p1 (>600s)
finished,Tier 2,ga,32,2026-05-02T21:59:35.8365893Z,45407,Tier 2 Bench: ga,[OK] ga 32 -> 0.314695 ms
finished,Tier 2,ga,64,2026-05-02T21:59:43.9643992Z,45411,Tier 2 Bench: ga,[OK] ga 64 -> 0.342331 ms
finished,Tier 2,ga,128,2026-05-02T22:00:05.9156472Z,45415,Tier 2 Bench: ga,[OK] ga 128 -> 0.384651 ms
finished,Tier 2,ga,256,2026-05-02T22:02:18.4955158Z,45419,Tier 2 Bench: ga,[OK] ga 256 -> 0.561214 ms
finished,Tier 2,ga,512,2026-05-02T22:09:12.4897386Z,45423,Tier 2 Bench: ga,[OK] ga 512 -> 0.639217 ms
timed_out_600s,Tier 2,ga,1024,2026-05-02T22:19:12.5476891Z,45427,Tier 2 Bench: ga,##[warning]TIMEOUT: ga 1024 (>600s)
finished,Tier 2,gaussian,32,2026-05-02T21:52:47.4006778Z,38497,Tier 2 Bench: gaussian,[OK] gaussian 32 -> 0.031374 ms
finished,Tier 2,gaussian,48,2026-05-02T21:52:55.1743627Z,38501,Tier 2 Bench: gaussian,[OK] gaussian 48 -> 0.045708 ms
finished,Tier 2,gaussian,64,2026-05-02T21:53:12.7130104Z,38505,Tier 2 Bench: gaussian,[OK] gaussian 64 -> 0.073218 ms
finished,Tier 2,gaussian,96,2026-05-02T21:54:55.2552489Z,38509,Tier 2 Bench: gaussian,[OK] gaussian 96 -> 0.131427 ms
finished,Tier 2,gaussian,128,2026-05-02T22:01:30.2710885Z,38513,Tier 2 Bench: gaussian,[OK] gaussian 128 -> 0.184656 ms
timed_out_600s,Tier 2,gaussian,192,2026-05-02T22:11:30.3322427Z,38517,Tier 2 Bench: gaussian,##[warning]TIMEOUT: gaussian 192 (>600s)
timed_out_600s,Tier 2,gelu,n16777216_bs256_ept1_gelu,2026-05-02T22:24:44.1424668Z,53254,Tier 2 Bench: gelu,##[warning]TIMEOUT: gelu n16777216_bs256_ept1_gelu (>600s)
finished,Tier 2,gemm,32,2026-05-02T21:24:19.3666332Z,19033,Tier 2 Bench: gemm,[OK] gemm 32 -> 0.001868 ms
finished,Tier 2,gemm,48,2026-05-02T21:24:20.5741079Z,19037,Tier 2 Bench: gemm,[OK] gemm 48 -> 0.002660 ms
finished,Tier 2,gemm,64,2026-05-02T21:24:24.8387966Z,19041,Tier 2 Bench: gemm,[OK] gemm 64 -> 0.003426 ms
finished,Tier 2,gemm,96,2026-05-02T21:24:37.1894387Z,19045,Tier 2 Bench: gemm,[OK] gemm 96 -> 0.004963 ms
finished,Tier 2,gemm,128,2026-05-02T21:25:14.3117644Z,19049,Tier 2 Bench: gemm,[OK] gemm 128 -> 0.007177 ms
finished,Tier 2,gemm,192,2026-05-02T21:28:25.6252729Z,19053,Tier 2 Bench: gemm,[OK] gemm 192 -> 0.011564 ms
timed_out_600s,Tier 2,gemm,256,2026-05-02T21:38:25.6797412Z,19057,Tier 2 Bench: gemm,##[warning]TIMEOUT: gemm 256 (>600s)
finished,Tier 2,gesummv,64,2026-05-02T21:43:51.0105213Z,36478,Tier 2 Bench: gesummv,[OK] gesummv 64 -> 0.009697 ms
finished,Tier 2,gesummv,128,2026-05-02T21:45:41.1202834Z,36482,Tier 2 Bench: gesummv,[OK] gesummv 128 -> 0.031707 ms
timed_out_600s,Tier 2,gesummv,192,2026-05-02T21:55:41.1334190Z,36486,Tier 2 Bench: gesummv,##[warning]TIMEOUT: gesummv 192 (>600s)
finished,Tier 1,global_bw_copy,1048576,2026-05-02T20:50:23.8671691Z,5199,Tier 1 Bench: global_bw_copy,[OK] global_bw_copy 1048576 -> 0.003569 ms
finished,Tier 1,global_bw_copy,2097152,2026-05-02T20:50:36.2257707Z,5203,Tier 1 Bench: global_bw_copy,[OK] global_bw_copy 2097152 -> 0.006839 ms
finished,Tier 1,global_bw_copy,4194304,2026-05-02T20:51:14.9879053Z,5207,Tier 1 Bench: global_bw_copy,[OK] global_bw_copy 4194304 -> 0.013345 ms
finished,Tier 1,global_bw_copy,8388608,2026-05-02T20:52:27.4486229Z,5211,Tier 1 Bench: global_bw_copy,[OK] global_bw_copy 8388608 -> 0.026275 ms
finished,Tier 1,global_bw_copy,12582912,2026-05-02T20:54:28.2299083Z,5215,Tier 1 Bench: global_bw_copy,[OK] global_bw_copy 12582912 -> 0.039204 ms
finished,Tier 1,global_bw_copy,16777216,2026-05-02T20:57:39.9330945Z,5219,Tier 1 Bench: global_bw_copy,[OK] global_bw_copy 16777216 -> 0.052132 ms
timed_out_600s,Tier 1,global_bw_copy,25165824,2026-05-02T21:07:40.0218701Z,5223,Tier 1 Bench: global_bw_copy,##[warning]TIMEOUT: global_bw_copy 25165824 (>600s)
finished,Tier 2,gramschmidt,64,2026-05-02T21:47:57.8966344Z,35682,Tier 2 Bench: gramschmidt,[OK] gramschmidt 64 -> 2.556436 ms
timed_out_600s,Tier 2,gramschmidt,128,2026-05-02T21:57:57.9579300Z,35686,Tier 2 Bench: gramschmidt,##[warning]TIMEOUT: gramschmidt 128 (>600s)
finished,Tier 2,hist,512,2026-05-02T22:04:29.7362549Z,47536,Tier 2 Bench: hist,[OK] hist 512 -> 0.001011 ms
finished,Tier 2,hist,1024,2026-05-02T22:04:29.9551598Z,47540,Tier 2 Bench: hist,[OK] hist 1024 -> 0.001011 ms
finished,Tier 2,hist,2048,2026-05-02T22:04:30.2176470Z,47544,Tier 2 Bench: hist,[OK] hist 2048 -> 0.001014 ms
finished,Tier 2,hist,4096,2026-05-02T22:04:30.5678894Z,47548,Tier 2 Bench: hist,[OK] hist 4096 -> 0.001016 ms
finished,Tier 2,hist,8192,2026-05-02T22:04:31.1004278Z,47552,Tier 2 Bench: hist,[OK] hist 8192 -> 0.001065 ms
finished,Tier 2,hist,16384,2026-05-02T22:04:32.8474793Z,47556,Tier 2 Bench: hist,[OK] hist 16384 -> 0.001354 ms
finished,Tier 2,hist,32768,2026-05-02T22:04:43.1192627Z,47560,Tier 2 Bench: hist,[OK] hist 32768 -> 0.002393 ms
finished,Tier 2,hist,65536,2026-05-02T22:05:04.3593419Z,47564,Tier 2 Bench: hist,[OK] hist 65536 -> 0.001465 ms
finished,Tier 2,hist,131072,2026-05-02T22:06:22.2523386Z,47568,Tier 2 Bench: hist,[OK] hist 131072 -> 0.001753 ms
finished,Tier 2,hist,262144,2026-05-02T22:10:37.3357271Z,47572,Tier 2 Bench: hist,[OK] hist 262144 -> 0.004434 ms
finished,Tier 2,hist,524288,2026-05-02T22:16:50.7666263Z,47576,Tier 2 Bench: hist,[OK] hist 524288 -> 0.004233 ms
finished,Tier 2,hist,1048576,2026-05-02T22:26:07.1404772Z,47580,Tier 2 Bench: hist,[OK] hist 1048576 -> 0.008044 ms
finished,Tier 2,hist,2097152,2026-05-02T22:34:27.4610280Z,47584,Tier 2 Bench: hist,[OK] hist 2097152 -> 0.014737 ms
finished,Tier 2,hist,4194304,2026-05-02T22:41:58.2487195Z,47588,Tier 2 Bench: hist,[OK] hist 4194304 -> 0.027701 ms
timed_out_600s,Tier 2,hist,8388608,2026-05-02T22:51:58.2863401Z,47592,Tier 2 Bench: hist,##[warning]TIMEOUT: hist 8388608 (>600s)
finished,Tier 2,hotspot,32,2026-05-02T21:24:18.5705521Z,33608,Tier 2 Bench: hotspot,[OK] hotspot 32 -> 0.004429 ms
finished,Tier 2,hotspot,48,2026-05-02T21:24:19.6083409Z,33612,Tier 2 Bench: hotspot,[OK] hotspot 48 -> 0.004508 ms
finished,Tier 2,hotspot,64,2026-05-02T21:24:21.3300200Z,33616,Tier 2 Bench: hotspot,[OK] hotspot 64 -> 0.004545 ms
finished,Tier 2,hotspot,96,2026-05-02T21:24:25.3720529Z,33620,Tier 2 Bench: hotspot,[OK] hotspot 96 -> 0.004447 ms
finished,Tier 2,hotspot,128,2026-05-02T21:24:35.1137544Z,33624,Tier 2 Bench: hotspot,[OK] hotspot 128 -> 0.004449 ms
finished,Tier 2,hotspot,192,2026-05-02T21:25:07.2523775Z,33628,Tier 2 Bench: hotspot,[OK] hotspot 192 -> 0.004591 ms
finished,Tier 2,hotspot,256,2026-05-02T21:26:31.1621809Z,33632,Tier 2 Bench: hotspot,[OK] hotspot 256 -> 0.005678 ms
finished,Tier 2,hotspot,384,2026-05-02T21:31:07.1756192Z,33636,Tier 2 Bench: hotspot,[OK] hotspot 384 -> 0.007363 ms
timed_out_600s,Tier 2,hotspot,512,2026-05-02T21:41:07.2437422Z,33640,Tier 2 Bench: hotspot,##[warning]TIMEOUT: hotspot 512 (>600s)
finished,Tier 2,hotspot3D,8,2026-05-02T21:53:23.2746224Z,39928,Tier 2 Bench: hotspot3D,[OK] hotspot3D 8 -> 0.017585 ms
finished,Tier 2,hotspot3D,16,2026-05-02T21:53:33.7036945Z,39932,Tier 2 Bench: hotspot3D,[OK] hotspot3D 16 -> 0.034560 ms
finished,Tier 2,hotspot3D,24,2026-05-02T21:54:22.2732486Z,39936,Tier 2 Bench: hotspot3D,[OK] hotspot3D 24 -> 0.051304 ms
finished,Tier 2,hotspot3D,32,2026-05-02T21:56:36.6714081Z,39940,Tier 2 Bench: hotspot3D,[OK] hotspot3D 32 -> 0.070598 ms
timed_out_600s,Tier 2,hotspot3D,48,2026-05-02T22:06:36.7502909Z,39944,Tier 2 Bench: hotspot3D,##[warning]TIMEOUT: hotspot3D 48 (>600s)
finished,Tier 2,huffman,1024,2026-05-02T21:55:03.2351830Z,41308,Tier 2 Bench: huffman,[OK] huffman 1024 -> 0.001318 ms
finished,Tier 2,huffman,2048,2026-05-02T21:55:03.4923924Z,41312,Tier 2 Bench: huffman,[OK] huffman 2048 -> 0.001318 ms
finished,Tier 2,huffman,4096,2026-05-02T21:55:03.8710413Z,41316,Tier 2 Bench: huffman,[OK] huffman 4096 -> 0.001319 ms
finished,Tier 2,huffman,8192,2026-05-02T21:55:05.8706294Z,41320,Tier 2 Bench: huffman,[OK] huffman 8192 -> 0.001809 ms
finished,Tier 2,huffman,16384,2026-05-02T21:55:10.3287293Z,41324,Tier 2 Bench: huffman,[OK] huffman 16384 -> 0.002043 ms
finished,Tier 2,huffman,32768,2026-05-02T21:55:19.5922577Z,41328,Tier 2 Bench: huffman,[OK] huffman 32768 -> 0.002363 ms
finished,Tier 2,huffman,65536,2026-05-02T21:55:49.4593776Z,41332,Tier 2 Bench: huffman,[OK] huffman 65536 -> 0.002091 ms
finished,Tier 2,huffman,131072,2026-05-02T21:57:23.3736273Z,41336,Tier 2 Bench: huffman,[OK] huffman 131072 -> 0.003755 ms
finished,Tier 2,huffman,262144,2026-05-02T22:01:24.7362955Z,41340,Tier 2 Bench: huffman,[OK] huffman 262144 -> 0.005471 ms
timed_out_600s,Tier 2,huffman,524288,2026-05-02T22:11:24.8850637Z,41344,Tier 2 Bench: huffman,##[warning]TIMEOUT: huffman 524288 (>600s)
timed_out_600s,Tier 1,int_mad,1024,2026-05-02T21:00:18.6520149Z,13836,Tier 1 Bench: int_mad,##[warning]TIMEOUT: int_mad 1024 (>600s)
finished,Tier 2,kmeans,1024,2026-05-02T21:38:10.8099843Z,26626,Tier 2 Bench: kmeans,[OK] kmeans 1024 -> 0.011799 ms
finished,Tier 2,kmeans,2048,2026-05-02T21:38:16.4103240Z,26630,Tier 2 Bench: kmeans,[OK] kmeans 2048 -> 0.012474 ms
finished,Tier 2,kmeans,4096,2026-05-02T21:38:27.9786620Z,26634,Tier 2 Bench: kmeans,[OK] kmeans 4096 -> 0.012568 ms
finished,Tier 2,kmeans,8192,2026-05-02T21:38:58.6430962Z,26638,Tier 2 Bench: kmeans,[OK] kmeans 8192 -> 0.012775 ms
finished,Tier 2,kmeans,16384,2026-05-02T21:40:29.0487072Z,26642,Tier 2 Bench: kmeans,[OK] kmeans 16384 -> 0.013161 ms
finished,Tier 2,kmeans,32768,2026-05-02T21:44:56.2914643Z,26646,Tier 2 Bench: kmeans,[OK] kmeans 32768 -> 0.014693 ms
timed_out_600s,Tier 2,kmeans,65536,2026-05-02T21:54:56.3655404Z,26650,Tier 2 Bench: kmeans,##[warning]TIMEOUT: kmeans 65536 (>600s)
finished,Tier 1,l1_cache_bw,1024,2026-05-02T20:50:24.3922797Z,8043,Tier 1 Bench: l1_cache_bw,[OK] l1_cache_bw 1024 -> 0.008117 ms
finished,Tier 1,l1_cache_bw,2048,2026-05-02T20:50:36.5504298Z,8047,Tier 1 Bench: l1_cache_bw,[OK] l1_cache_bw 2048 -> 0.008116 ms
finished,Tier 1,l1_cache_bw,3072,2026-05-02T20:50:56.2491493Z,8051,Tier 1 Bench: l1_cache_bw,[OK] l1_cache_bw 3072 -> 0.008120 ms
finished,Tier 1,l1_cache_bw,4096,2026-05-02T20:51:23.0351895Z,8055,Tier 1 Bench: l1_cache_bw,[OK] l1_cache_bw 4096 -> 0.008119 ms
finished,Tier 1,l1_cache_bw,6144,2026-05-02T20:52:04.9619823Z,8059,Tier 1 Bench: l1_cache_bw,[OK] l1_cache_bw 6144 -> 0.008121 ms
finished,Tier 1,l1_cache_bw,8192,2026-05-02T20:53:02.7220107Z,8063,Tier 1 Bench: l1_cache_bw,[OK] l1_cache_bw 8192 -> 0.008123 ms
finished,Tier 1,l1_cache_bw,10240,2026-05-02T20:54:16.5118574Z,8067,Tier 1 Bench: l1_cache_bw,[OK] l1_cache_bw 10240 -> 0.008127 ms
finished,Tier 1,l1_cache_bw,12288,2026-05-02T20:55:49.4700228Z,8071,Tier 1 Bench: l1_cache_bw,[OK] l1_cache_bw 12288 -> 0.008128 ms
finished,Tier 1,l1_cache_bw,14336,2026-05-02T20:57:40.9033504Z,8075,Tier 1 Bench: l1_cache_bw,[OK] l1_cache_bw 14336 -> 0.008129 ms
finished,Tier 1,l1_cache_bw,16384,2026-05-02T20:59:51.3833796Z,8079,Tier 1 Bench: l1_cache_bw,[OK] l1_cache_bw 16384 -> 0.008132 ms
finished,Tier 1,l1_cache_bw,20480,2026-05-02T21:02:15.0744657Z,8083,Tier 1 Bench: l1_cache_bw,[OK] l1_cache_bw 20480 -> 0.008220 ms
finished,Tier 1,l1_cache_bw,24576,2026-05-02T21:05:10.0661504Z,8087,Tier 1 Bench: l1_cache_bw,[OK] l1_cache_bw 24576 -> 0.008225 ms
finished,Tier 1,l1_cache_bw,28672,2026-05-02T21:08:08.8496879Z,8091,Tier 1 Bench: l1_cache_bw,[OK] l1_cache_bw 28672 -> 0.008229 ms
finished,Tier 1,l1_cache_bw,32768,2026-05-02T21:11:24.9995944Z,8095,Tier 1 Bench: l1_cache_bw,[OK] l1_cache_bw 32768 -> 0.008233 ms
finished,Tier 1,l1_cache_bw,49152,2026-05-02T21:16:08.6893409Z,8099,Tier 1 Bench: l1_cache_bw,[OK] l1_cache_bw 49152 -> 0.008335 ms
finished,Tier 1,l1_cache_bw,65536,2026-05-02T21:24:02.3441435Z,8103,Tier 1 Bench: l1_cache_bw,[OK] l1_cache_bw 65536 -> 0.008558 ms
finished,Tier 1,l2_cache_bw,32768,2026-05-02T20:51:32.6842385Z,5850,Tier 1 Bench: l2_cache_bw,[OK] l2_cache_bw 32768 -> 0.011168 ms
finished,Tier 1,l2_cache_bw,65536,2026-05-02T20:54:41.8478578Z,5854,Tier 1 Bench: l2_cache_bw,[OK] l2_cache_bw 65536 -> 0.010574 ms
finished,Tier 1,l2_cache_bw,131072,2026-05-02T21:03:20.0337876Z,5858,Tier 1 Bench: l2_cache_bw,[OK] l2_cache_bw 131072 -> 0.010551 ms
timed_out_600s,Tier 1,l2_cache_bw,196608,2026-05-02T21:13:20.0784542Z,5862,Tier 1 Bench: l2_cache_bw,##[warning]TIMEOUT: l2_cache_bw 196608 (>600s)
finished,Tier 2,lavaMD,2,2026-05-02T21:59:05.1857624Z,40740,Tier 2 Bench: lavaMD,[OK] lavaMD 2 -> 0.117214 ms
timed_out_600s,Tier 2,lavaMD,3,2026-05-02T22:09:05.2022895Z,40744,Tier 2 Bench: lavaMD,##[warning]TIMEOUT: lavaMD 3 (>600s)
finished,Tier 2,layernorm,rows64_hid4096_bs256_layernorm,2026-05-02T22:17:45.1202660Z,55465,Tier 2 Bench: layernorm,[OK] layernorm rows64_hid4096_bs256_layernorm -> 0.005838 ms
finished,Tier 2,layernorm,rows128_hid4096_bs256_layernorm,2026-05-02T22:18:25.2373270Z,55469,Tier 2 Bench: layernorm,[OK] layernorm rows128_hid4096_bs256_layernorm -> 0.008653 ms
finished,Tier 2,layernorm,rows256_hid4096_bs256_layernorm,2026-05-02T22:19:56.8315467Z,55473,Tier 2 Bench: layernorm,[OK] layernorm rows256_hid4096_bs256_layernorm -> 0.014008 ms
finished,Tier 2,layernorm,rows512_hid4096_bs256_layernorm,2026-05-02T22:24:22.8851900Z,55477,Tier 2 Bench: layernorm,[OK] layernorm rows512_hid4096_bs256_layernorm -> 0.026413 ms
timed_out_600s,Tier 2,layernorm,rows1024_hid4096_bs256_layernorm,2026-05-02T22:34:22.9693215Z,55481,Tier 2 Bench: layernorm,##[warning]TIMEOUT: layernorm rows1024_hid4096_bs256_layernorm (>600s)
finished,Tier 2,lud,64,2026-05-02T21:55:50.9781365Z,42145,Tier 2 Bench: lud,[OK] lud 64 -> 0.095793 ms
finished,Tier 2,lud,128,2026-05-02T21:55:53.7020977Z,42149,Tier 2 Bench: lud,[OK] lud 128 -> 0.226365 ms
finished,Tier 2,lud,192,2026-05-02T21:56:00.6927533Z,42153,Tier 2 Bench: lud,[OK] lud 192 -> 0.356301 ms
finished,Tier 2,lud,256,2026-05-02T21:56:16.1022746Z,42157,Tier 2 Bench: lud,[OK] lud 256 -> 0.485321 ms
finished,Tier 2,lud,384,2026-05-02T21:57:15.7702570Z,42161,Tier 2 Bench: lud,[OK] lud 384 -> 0.751421 ms
finished,Tier 2,lud,512,2026-05-02T22:00:09.3219155Z,42165,Tier 2 Bench: lud,[OK] lud 512 -> 1.014092 ms
timed_out_600s,Tier 2,lud,640,2026-05-02T22:10:09.3623112Z,42169,Tier 2 Bench: lud,##[warning]TIMEOUT: lud 640 (>600s)
finished,Tier 1,max_flops,512,2026-05-02T20:50:19.1266732Z,9641,Tier 1 Bench: max_flops,[OK] max_flops 512 -> 0.006158 ms
finished,Tier 1,max_flops,1024,2026-05-02T20:50:19.6107208Z,9645,Tier 1 Bench: max_flops,[OK] max_flops 1024 -> 0.006158 ms
finished,Tier 1,max_flops,2048,2026-05-02T20:50:20.4590689Z,9649,Tier 1 Bench: max_flops,[OK] max_flops 2048 -> 0.006112 ms
finished,Tier 1,max_flops,4096,2026-05-02T20:50:22.0266868Z,9653,Tier 1 Bench: max_flops,[OK] max_flops 4096 -> 0.006161 ms
finished,Tier 1,max_flops,8192,2026-05-02T20:50:25.6836226Z,9657,Tier 1 Bench: max_flops,[OK] max_flops 8192 -> 0.006164 ms
finished,Tier 1,max_flops,16384,2026-05-02T20:50:35.6102611Z,9661,Tier 1 Bench: max_flops,[OK] max_flops 16384 -> 0.006172 ms
finished,Tier 1,max_flops,32768,2026-05-02T20:50:59.2297883Z,9665,Tier 1 Bench: max_flops,[OK] max_flops 32768 -> 0.006274 ms
finished,Tier 1,max_flops,65536,2026-05-02T20:51:57.8178939Z,9669,Tier 1 Bench: max_flops,[OK] max_flops 65536 -> 0.006470 ms
finished,Tier 1,max_flops,131072,2026-05-02T20:54:28.0136749Z,9673,Tier 1 Bench: max_flops,[OK] max_flops 131072 -> 0.006838 ms
finished,Tier 1,max_flops,262144,2026-05-02T21:02:02.7679564Z,9677,Tier 1 Bench: max_flops,[OK] max_flops 262144 -> 0.008691 ms
timed_out_600s,Tier 1,max_flops,524288,2026-05-02T21:12:02.8054186Z,9681,Tier 1 Bench: max_flops,##[warning]TIMEOUT: max_flops 524288 (>600s)
finished,Tier 2,md5hash,512,2026-05-02T22:11:33.5981166Z,52015,Tier 2 Bench: md5hash,[OK] md5hash 512 -> 0.007869 ms
finished,Tier 2,md5hash,1024,2026-05-02T22:11:35.3995984Z,52019,Tier 2 Bench: md5hash,[OK] md5hash 1024 -> 0.007868 ms
finished,Tier 2,md5hash,2048,2026-05-02T22:11:38.9374569Z,52023,Tier 2 Bench: md5hash,[OK] md5hash 2048 -> 0.007873 ms
finished,Tier 2,md5hash,4096,2026-05-02T22:11:47.1513862Z,52027,Tier 2 Bench: md5hash,[OK] md5hash 4096 -> 0.007872 ms
finished,Tier 2,md5hash,8192,2026-05-02T22:12:05.4995328Z,52031,Tier 2 Bench: md5hash,[OK] md5hash 8192 -> 0.007880 ms
finished,Tier 2,md5hash,16384,2026-05-02T22:12:52.9102984Z,52035,Tier 2 Bench: md5hash,[OK] md5hash 16384 -> 0.008726 ms
finished,Tier 2,md5hash,32768,2026-05-02T22:14:37.6806342Z,52039,Tier 2 Bench: md5hash,[OK] md5hash 32768 -> 0.010350 ms
finished,Tier 2,md5hash,65536,2026-05-02T22:18:50.4946049Z,52043,Tier 2 Bench: md5hash,[OK] md5hash 65536 -> 0.013710 ms
timed_out_600s,Tier 2,md5hash,131072,2026-05-02T22:28:50.5738085Z,52047,Tier 2 Bench: md5hash,##[warning]TIMEOUT: md5hash 131072 (>600s)
finished,Tier 2,md_lj,128,2026-05-02T22:18:57.9795958Z,56092,Tier 2 Bench: md_lj,[OK] md_lj 128 -> 0.014444 ms
finished,Tier 2,md_lj,256,2026-05-02T22:20:08.8934416Z,56096,Tier 2 Bench: md_lj,[OK] md_lj 256 -> 0.027477 ms
finished,Tier 2,md_lj,512,2026-05-02T22:24:33.0141734Z,56100,Tier 2 Bench: md_lj,[OK] md_lj 512 -> 0.036674 ms
timed_out_600s,Tier 2,md_lj,1024,2026-05-02T22:34:33.0299084Z,56104,Tier 2 Bench: md_lj,##[warning]TIMEOUT: md_lj 1024 (>600s)
finished,Tier 1,mem_latency_chase,256,2026-05-02T20:50:21.0638226Z,6474,Tier 1 Bench: mem_latency_chase,[OK] mem_latency_chase 256 -> 0.005242 ms
finished,Tier 1,mem_latency_chase,512,2026-05-02T20:50:24.6283117Z,6478,Tier 1 Bench: mem_latency_chase,[OK] mem_latency_chase 512 -> 0.005330 ms
finished,Tier 1,mem_latency_chase,1024,2026-05-02T20:50:31.5554814Z,6482,Tier 1 Bench: mem_latency_chase,[OK] mem_latency_chase 1024 -> 0.005320 ms
finished,Tier 1,mem_latency_chase,2048,2026-05-02T20:50:45.7507515Z,6486,Tier 1 Bench: mem_latency_chase,[OK] mem_latency_chase 2048 -> 0.005311 ms
finished,Tier 1,mem_latency_chase,4096,2026-05-02T20:51:16.3781399Z,6490,Tier 1 Bench: mem_latency_chase,[OK] mem_latency_chase 4096 -> 0.005327 ms
finished,Tier 1,mem_latency_chase,8192,2026-05-02T20:52:22.5661884Z,6494,Tier 1 Bench: mem_latency_chase,[OK] mem_latency_chase 8192 -> 0.005331 ms
finished,Tier 1,mem_latency_chase,16384,2026-05-02T20:54:36.2220872Z,6498,Tier 1 Bench: mem_latency_chase,[OK] mem_latency_chase 16384 -> 0.005399 ms
finished,Tier 1,mem_latency_chase,32768,2026-05-02T20:59:03.0986746Z,6502,Tier 1 Bench: mem_latency_chase,[OK] mem_latency_chase 32768 -> 0.005466 ms
finished,Tier 1,mem_latency_chase,65536,2026-05-02T21:08:48.9977887Z,6506,Tier 1 Bench: mem_latency_chase,[OK] mem_latency_chase 65536 -> 0.005723 ms
timed_out_600s,Tier 1,mem_latency_chase,131072,2026-05-02T21:18:49.0410828Z,6510,Tier 1 Bench: mem_latency_chase,##[warning]TIMEOUT: mem_latency_chase 131072 (>600s)
finished,Tier 2,mvt,64,2026-05-02T21:45:06.8969060Z,35096,Tier 2 Bench: mvt,[OK] mvt 64 -> 0.008434 ms
finished,Tier 2,mvt,128,2026-05-02T21:45:31.4553005Z,35100,Tier 2 Bench: mvt,[OK] mvt 128 -> 0.020813 ms
finished,Tier 2,mvt,192,2026-05-02T21:47:35.5197627Z,35104,Tier 2 Bench: mvt,[OK] mvt 192 -> 0.042298 ms
finished,Tier 2,mvt,256,2026-05-02T21:54:21.6108127Z,35108,Tier 2 Bench: mvt,[OK] mvt 256 -> 0.071903 ms
timed_out_600s,Tier 2,mvt,384,2026-05-02T22:04:21.6326838Z,35112,Tier 2 Bench: mvt,##[warning]TIMEOUT: mvt 384 (>600s)
finished,Tier 2,naive_attention,B4_S32_H12_D64_blk256,2026-05-02T22:24:44.8541034Z,58946,Tier 2 Bench: naive_attention,[OK] naive_attention B4_S32_H12_D64_blk256 -> 0.068667 ms
finished,Tier 2,naive_attention,B4_S64_H12_D64_blk256,2026-05-02T22:25:00.1609035Z,58950,Tier 2 Bench: naive_attention,[OK] naive_attention B4_S64_H12_D64_blk256 -> 0.132441 ms
finished,Tier 2,naive_attention,B4_S96_H12_D64_blk256,2026-05-02T22:25:33.0221862Z,58954,Tier 2 Bench: naive_attention,[OK] naive_attention B4_S96_H12_D64_blk256 -> 0.193598 ms
finished,Tier 2,naive_attention,B4_S128_H12_D64_blk256,2026-05-02T22:26:30.8300707Z,58958,Tier 2 Bench: naive_attention,[OK] naive_attention B4_S128_H12_D64_blk256 -> 0.257308 ms
finished,Tier 2,naive_attention,B4_S192_H12_D64_blk256,2026-05-02T22:28:38.6734046Z,58962,Tier 2 Bench: naive_attention,[OK] naive_attention B4_S192_H12_D64_blk256 -> 0.384828 ms
finished,Tier 2,naive_attention,B4_S256_H12_D64_blk256,2026-05-02T22:32:33.5438305Z,58966,Tier 2 Bench: naive_attention,[OK] naive_attention B4_S256_H12_D64_blk256 -> 0.512338 ms
timed_out_600s,Tier 2,naive_attention,B4_S384_H12_D64_blk256,2026-05-02T22:42:33.5956004Z,58970,Tier 2 Bench: naive_attention,##[warning]TIMEOUT: naive_attention B4_S384_H12_D64_blk256 (>600s)
finished,Tier 2,nn,1024,2026-05-02T21:24:18.4892388Z,19856,Tier 2 Bench: nn,[OK] nn 1024 -> 619000000.000000 ms
finished,Tier 2,nn,2048,2026-05-02T21:24:18.7326927Z,19860,Tier 2 Bench: nn,[OK] nn 2048 -> 619000000.000000 ms
finished,Tier 2,nn,4096,2026-05-02T21:24:19.2040442Z,19864,Tier 2 Bench: nn,[OK] nn 4096 -> 621000000.000000 ms
finished,Tier 2,nn,8192,2026-05-02T21:24:19.5639032Z,19868,Tier 2 Bench: nn,[OK] nn 8192 -> 630000000.000000 ms
finished,Tier 2,nn,16384,2026-05-02T21:24:20.0443025Z,19872,Tier 2 Bench: nn,[OK] nn 16384 -> 728000000.000000 ms
finished,Tier 2,nn,32768,2026-05-02T21:24:20.9704751Z,19876,Tier 2 Bench: nn,[OK] nn 32768 -> 944000000.000000 ms
finished,Tier 2,nn,65536,2026-05-02T21:24:22.5802041Z,19880,Tier 2 Bench: nn,[OK] nn 65536 -> 0.001543 ms
finished,Tier 2,nn,131072,2026-05-02T21:24:26.3795523Z,19884,Tier 2 Bench: nn,[OK] nn 131072 -> 0.002753 ms
finished,Tier 2,nn,262144,2026-05-02T21:24:34.9432369Z,19888,Tier 2 Bench: nn,[OK] nn 262144 -> 0.005179 ms
finished,Tier 2,nn,524288,2026-05-02T21:25:02.0801152Z,19892,Tier 2 Bench: nn,[OK] nn 524288 -> 0.010070 ms
finished,Tier 2,nn,1048576,2026-05-02T21:26:20.7382019Z,19896,Tier 2 Bench: nn,[OK] nn 1048576 -> 0.019817 ms
finished,Tier 2,nn,2097152,2026-05-02T21:28:57.9436775Z,19900,Tier 2 Bench: nn,[OK] nn 2097152 -> 0.039209 ms
finished,Tier 2,nn,3145728,2026-05-02T21:33:35.9071405Z,19904,Tier 2 Bench: nn,[OK] nn 3145728 -> 0.058600 ms
timed_out_600s,Tier 2,nn,4194304,2026-05-02T21:43:35.9784953Z,19908,Tier 2 Bench: nn,##[warning]TIMEOUT: nn 4194304 (>600s)
finished,Tier 2,nw,64,2026-05-02T21:36:12.8819649Z,28026,Tier 2 Bench: nw,[OK] nw 64 -> 0.041897 ms
finished,Tier 2,nw,128,2026-05-02T21:36:15.5564499Z,28030,Tier 2 Bench: nw,[OK] nw 128 -> 0.084088 ms
finished,Tier 2,nw,192,2026-05-02T21:36:20.1147185Z,28034,Tier 2 Bench: nw,[OK] nw 192 -> 0.127238 ms
finished,Tier 2,nw,256,2026-05-02T21:36:27.3819101Z,28038,Tier 2 Bench: nw,[OK] nw 256 -> 0.171555 ms
finished,Tier 2,nw,512,2026-05-02T21:36:54.2334168Z,28042,Tier 2 Bench: nw,[OK] nw 512 -> 0.359700 ms
finished,Tier 2,nw,768,2026-05-02T21:37:47.1617804Z,28046,Tier 2 Bench: nw,[OK] nw 768 -> 0.562273 ms
finished,Tier 2,nw,1024,2026-05-02T21:39:41.9021008Z,28050,Tier 2 Bench: nw,[OK] nw 1024 -> 0.781289 ms
finished,Tier 2,nw,1536,2026-05-02T21:47:33.6347598Z,28054,Tier 2 Bench: nw,[OK] nw 1536 -> 1.252003 ms
timed_out_600s,Tier 2,nw,2048,2026-05-02T21:57:33.6775890Z,28058,Tier 2 Bench: nw,##[warning]TIMEOUT: nw 2048 (>600s)
finished,Tier 1,occupancy_fma,1024,2026-05-02T21:00:26.4309476Z,12588,Tier 1 Bench: occupancy_fma,[OK] occupancy_fma 1024 -> 0.012537 ms
finished,Tier 1,occupancy_fma,2048,2026-05-02T21:00:28.0892563Z,12592,Tier 1 Bench: occupancy_fma,[OK] occupancy_fma 2048 -> 0.012472 ms
finished,Tier 1,occupancy_fma,4096,2026-05-02T21:00:31.3585573Z,12596,Tier 1 Bench: occupancy_fma,[OK] occupancy_fma 4096 -> 0.012540 ms
finished,Tier 1,occupancy_fma,8192,2026-05-02T21:00:41.7401612Z,12600,Tier 1 Bench: occupancy_fma,[OK] occupancy_fma 8192 -> 0.012542 ms
finished,Tier 1,occupancy_fma,16384,2026-05-02T21:01:08.6127889Z,12604,Tier 1 Bench: occupancy_fma,[OK] occupancy_fma 16384 -> 0.012551 ms
finished,Tier 1,occupancy_fma,32768,2026-05-02T21:02:21.8765619Z,12608,Tier 1 Bench: occupancy_fma,[OK] occupancy_fma 32768 -> 0.012649 ms
finished,Tier 1,occupancy_fma,65536,2026-05-02T21:05:25.3090948Z,12612,Tier 1 Bench: occupancy_fma,[OK] occupancy_fma 65536 -> 0.012837 ms
finished,Tier 1,occupancy_fma,131072,2026-05-02T21:13:46.1188121Z,12616,Tier 1 Bench: occupancy_fma,[OK] occupancy_fma 131072 -> 0.012559 ms
timed_out_600s,Tier 1,occupancy_fma,262144,2026-05-02T21:23:46.1902039Z,12620,Tier 1 Bench: occupancy_fma,##[warning]TIMEOUT: occupancy_fma 262144 (>600s)
finished,Tier 2,pagerank,128,2026-05-02T21:37:13.1932890Z,30094,Tier 2 Bench: pagerank,[OK] pagerank 128 -> 0.001623 ms
finished,Tier 2,pagerank,256,2026-05-02T21:37:41.0302754Z,30098,Tier 2 Bench: pagerank,[OK] pagerank 256 -> 0.061930 ms
finished,Tier 2,pagerank,512,2026-05-02T21:37:55.6824723Z,30102,Tier 2 Bench: pagerank,[OK] pagerank 512 -> 0.004547 ms
timed_out_600s,Tier 2,pagerank,1024,2026-05-02T21:47:55.7055230Z,30106,Tier 2 Bench: pagerank,##[warning]TIMEOUT: pagerank 1024 (>600s)
timed_out_600s,Tier 2,parboil_cutcp,256,2026-05-02T22:14:36.5540957Z,46002,Tier 2 Bench: parboil_cutcp,##[warning]TIMEOUT: parboil_cutcp 256 (>600s)
finished,Tier 2,parboil_histo,1024,2026-05-02T22:04:57.3403519Z,46797,Tier 2 Bench: parboil_histo,[OK] parboil_histo 1024 -> 0.001169 ms
finished,Tier 2,parboil_histo,2048,2026-05-02T22:04:59.2385864Z,46801,Tier 2 Bench: parboil_histo,[OK] parboil_histo 2048 -> 0.001355 ms
finished,Tier 2,parboil_histo,4096,2026-05-02T22:05:03.1977469Z,46805,Tier 2 Bench: parboil_histo,[OK] parboil_histo 4096 -> 0.001836 ms
finished,Tier 2,parboil_histo,8192,2026-05-02T22:05:11.4301038Z,46809,Tier 2 Bench: parboil_histo,[OK] parboil_histo 8192 -> 0.002726 ms
finished,Tier 2,parboil_histo,16384,2026-05-02T22:05:25.9059416Z,46813,Tier 2 Bench: parboil_histo,[OK] parboil_histo 16384 -> 0.002877 ms
finished,Tier 2,parboil_histo,32768,2026-05-02T22:05:55.4479312Z,46817,Tier 2 Bench: parboil_histo,[OK] parboil_histo 32768 -> 0.002945 ms
crashed,Tier 2,parboil_histo,65536,2026-05-02T22:07:11.4581327Z,46821,Tier 2 Bench: parboil_histo,##[error]CRASH: parboil_histo 65536 (exit 1)
finished,Tier 2,parboil_lbm,16,2026-05-02T22:07:38.5170134Z,48395,Tier 2 Bench: parboil_lbm,[OK] parboil_lbm 16 -> 0.007146 ms
finished,Tier 2,parboil_lbm,20,2026-05-02T22:09:04.8168825Z,48399,Tier 2 Bench: parboil_lbm,[OK] parboil_lbm 20 -> 0.007513 ms
finished,Tier 2,parboil_lbm,24,2026-05-02T22:11:03.4085884Z,48403,Tier 2 Bench: parboil_lbm,[OK] parboil_lbm 24 -> 0.008142 ms
finished,Tier 2,parboil_lbm,28,2026-05-02T22:14:39.6339364Z,48407,Tier 2 Bench: parboil_lbm,[OK] parboil_lbm 28 -> 0.009125 ms
finished,Tier 2,parboil_lbm,32,2026-05-02T22:20:00.4033349Z,48411,Tier 2 Bench: parboil_lbm,[OK] parboil_lbm 32 -> 0.010563 ms
finished,Tier 2,parboil_lbm,36,2026-05-02T22:27:14.1399585Z,48415,Tier 2 Bench: parboil_lbm,[OK] parboil_lbm 36 -> 0.013589 ms
timed_out_600s,Tier 2,parboil_lbm,40,2026-05-02T22:37:14.2369113Z,48419,Tier 2 Bench: parboil_lbm,##[warning]TIMEOUT: parboil_lbm 40 (>600s)
finished,Tier 2,parboil_mri_gridding,256,2026-05-02T22:07:04.2027214Z,49002,Tier 2 Bench: parboil_mri_gridding,[OK] parboil_mri_gridding 256 -> 0.014689 ms
finished,Tier 2,parboil_mri_gridding,512,2026-05-02T22:07:23.7772059Z,49006,Tier 2 Bench: parboil_mri_gridding,[OK] parboil_mri_gridding 512 -> 0.014792 ms
finished,Tier 2,parboil_mri_gridding,1024,2026-05-02T22:08:03.5393408Z,49010,Tier 2 Bench: parboil_mri_gridding,[OK] parboil_mri_gridding 1024 -> 0.015283 ms
finished,Tier 2,parboil_mri_gridding,2048,2026-05-02T22:09:22.2678292Z,49014,Tier 2 Bench: parboil_mri_gridding,[OK] parboil_mri_gridding 2048 -> 0.015090 ms
finished,Tier 2,parboil_mri_gridding,4096,2026-05-02T22:12:14.2766941Z,49018,Tier 2 Bench: parboil_mri_gridding,[OK] parboil_mri_gridding 4096 -> 0.015073 ms
finished,Tier 2,parboil_mri_gridding,8192,2026-05-02T22:18:39.8174956Z,49022,Tier 2 Bench: parboil_mri_gridding,[OK] parboil_mri_gridding 8192 -> 0.015152 ms
timed_out_600s,Tier 2,parboil_mri_gridding,16384,2026-05-02T22:28:39.8510512Z,49026,Tier 2 Bench: parboil_mri_gridding,##[warning]TIMEOUT: parboil_mri_gridding 16384 (>600s)
finished,Tier 2,parboil_mri_q,256,2026-05-02T21:24:18.8047646Z,22514,Tier 2 Bench: parboil_mri_q,[OK] parboil_mri_q 256 -> 0.024802 ms
finished,Tier 2,parboil_mri_q,512,2026-05-02T21:24:21.0682465Z,22518,Tier 2 Bench: parboil_mri_q,[OK] parboil_mri_q 512 -> 0.025143 ms
finished,Tier 2,parboil_mri_q,1024,2026-05-02T21:24:27.6396931Z,22522,Tier 2 Bench: parboil_mri_q,[OK] parboil_mri_q 1024 -> 0.030580 ms
finished,Tier 2,parboil_mri_q,2048,2026-05-02T21:24:54.5882504Z,22526,Tier 2 Bench: parboil_mri_q,[OK] parboil_mri_q 2048 -> 0.026394 ms
finished,Tier 2,parboil_mri_q,4096,2026-05-02T21:26:04.9300844Z,22530,Tier 2 Bench: parboil_mri_q,[OK] parboil_mri_q 4096 -> 0.030554 ms
finished,Tier 2,parboil_mri_q,8192,2026-05-02T21:30:03.7916041Z,22534,Tier 2 Bench: parboil_mri_q,[OK] parboil_mri_q 8192 -> 0.026496 ms
finished,Tier 2,parboil_mri_q,16384,2026-05-02T21:38:59.9324972Z,22538,Tier 2 Bench: parboil_mri_q,[OK] parboil_mri_q 16384 -> 0.030806 ms
timed_out_600s,Tier 2,parboil_mri_q,32768,2026-05-02T21:48:59.9644409Z,22542,Tier 2 Bench: parboil_mri_q,##[warning]TIMEOUT: parboil_mri_q 32768 (>600s)
timed_out_600s,Tier 2,parboil_sad,32,2026-05-02T22:17:19.4971472Z,49827,Tier 2 Bench: parboil_sad,##[warning]TIMEOUT: parboil_sad 32 (>600s)
finished,Tier 2,parboil_sgemm,64,2026-05-02T21:24:18.4240489Z,24814,Tier 2 Bench: parboil_sgemm,[OK] parboil_sgemm 64 -> 0.002332 ms
finished,Tier 2,parboil_sgemm,128,2026-05-02T21:24:21.7769351Z,24818,Tier 2 Bench: parboil_sgemm,[OK] parboil_sgemm 128 -> 0.004023 ms
finished,Tier 2,parboil_sgemm,192,2026-05-02T21:24:36.3412624Z,24822,Tier 2 Bench: parboil_sgemm,[OK] parboil_sgemm 192 -> 0.005970 ms
finished,Tier 2,parboil_sgemm,256,2026-05-02T21:25:27.9737734Z,24826,Tier 2 Bench: parboil_sgemm,[OK] parboil_sgemm 256 -> 0.008194 ms
finished,Tier 2,parboil_sgemm,320,2026-05-02T21:28:21.7994409Z,24830,Tier 2 Bench: parboil_sgemm,[OK] parboil_sgemm 320 -> 0.010298 ms
finished,Tier 2,parboil_sgemm,384,2026-05-02T21:34:00.0876710Z,24834,Tier 2 Bench: parboil_sgemm,[OK] parboil_sgemm 384 -> 0.013761 ms
timed_out_600s,Tier 2,parboil_sgemm,448,2026-05-02T21:44:00.1333376Z,24838,Tier 2 Bench: parboil_sgemm,##[warning]TIMEOUT: parboil_sgemm 448 (>600s)
finished,Tier 2,parboil_spmv,1024,2026-05-02T21:24:17.9278385Z,21285,Tier 2 Bench: parboil_spmv,[OK] parboil_spmv 1024 -> 0.001108 ms
finished,Tier 2,parboil_spmv,2048,2026-05-02T21:24:18.3601682Z,21289,Tier 2 Bench: parboil_spmv,[OK] parboil_spmv 2048 -> 0.001109 ms
finished,Tier 2,parboil_spmv,4096,2026-05-02T21:24:19.1150654Z,21293,Tier 2 Bench: parboil_spmv,[OK] parboil_spmv 4096 -> 0.001115 ms
finished,Tier 2,parboil_spmv,8192,2026-05-02T21:24:20.4582199Z,21297,Tier 2 Bench: parboil_spmv,[OK] parboil_spmv 8192 -> 0.001282 ms
finished,Tier 2,parboil_spmv,16384,2026-05-02T21:24:22.7958068Z,21301,Tier 2 Bench: parboil_spmv,[OK] parboil_spmv 16384 -> 0.001621 ms
finished,Tier 2,parboil_spmv,32768,2026-05-02T21:24:27.3226430Z,21305,Tier 2 Bench: parboil_spmv,[OK] parboil_spmv 32768 -> 0.002429 ms
finished,Tier 2,parboil_spmv,65536,2026-05-02T21:24:36.9655551Z,21309,Tier 2 Bench: parboil_spmv,[OK] parboil_spmv 65536 -> 0.004191 ms
finished,Tier 2,parboil_spmv,131072,2026-05-02T21:25:01.3616106Z,21313,Tier 2 Bench: parboil_spmv,[OK] parboil_spmv 131072 -> 0.007692 ms
finished,Tier 2,parboil_spmv,262144,2026-05-02T21:26:17.6673487Z,21317,Tier 2 Bench: parboil_spmv,[OK] parboil_spmv 262144 -> 0.014966 ms
finished,Tier 2,parboil_spmv,524288,2026-05-02T21:31:05.2774057Z,21321,Tier 2 Bench: parboil_spmv,[OK] parboil_spmv 524288 -> 0.029550 ms
timed_out_600s,Tier 2,parboil_spmv,1048576,2026-05-02T21:41:05.3464857Z,21325,Tier 2 Bench: parboil_spmv,##[warning]TIMEOUT: parboil_spmv 1048576 (>600s)
finished,Tier 2,parboil_stencil,16,2026-05-02T22:09:15.3055484Z,50619,Tier 2 Bench: parboil_stencil,[OK] parboil_stencil 16 -> 0.003777 ms
finished,Tier 2,parboil_stencil,24,2026-05-02T22:09:29.5441307Z,50623,Tier 2 Bench: parboil_stencil,[OK] parboil_stencil 24 -> 0.003979 ms
finished,Tier 2,parboil_stencil,32,2026-05-02T22:09:51.8038150Z,50627,Tier 2 Bench: parboil_stencil,[OK] parboil_stencil 32 -> 0.003867 ms
finished,Tier 2,parboil_stencil,40,2026-05-02T22:11:31.8827515Z,50631,Tier 2 Bench: parboil_stencil,[OK] parboil_stencil 40 -> 0.005312 ms
finished,Tier 2,parboil_stencil,48,2026-05-02T22:12:59.1319220Z,50635,Tier 2 Bench: parboil_stencil,[OK] parboil_stencil 48 -> 0.005315 ms
timed_out_600s,Tier 2,parboil_stencil,56,2026-05-02T22:22:59.2604325Z,50639,Tier 2 Bench: parboil_stencil,##[warning]TIMEOUT: parboil_stencil 56 (>600s)
finished,Tier 2,parboil_tpacf,256,2026-05-02T22:11:39.8237066Z,51437,Tier 2 Bench: parboil_tpacf,[OK] parboil_tpacf 256 -> 0.102327 ms
finished,Tier 2,parboil_tpacf,256,2026-05-02T22:13:09.7253573Z,51441,Tier 2 Bench: parboil_tpacf,[OK] parboil_tpacf 256 -> 0.104828 ms
finished,Tier 2,parboil_tpacf,256,2026-05-02T22:14:33.9666013Z,51445,Tier 2 Bench: parboil_tpacf,[OK] parboil_tpacf 256 -> 0.102624 ms
timed_out_600s,Tier 2,parboil_tpacf,512,2026-05-02T22:24:33.9877282Z,51449,Tier 2 Bench: parboil_tpacf,##[warning]TIMEOUT: parboil_tpacf 512 (>600s)
finished,Tier 2,particlefilter,256,2026-05-02T21:57:29.8570322Z,43603,Tier 2 Bench: particlefilter,[OK] particlefilter 256 -> 0.101949 ms
finished,Tier 2,particlefilter,512,2026-05-02T21:57:41.8385049Z,43607,Tier 2 Bench: particlefilter,[OK] particlefilter 512 -> 0.180905 ms
finished,Tier 2,particlefilter,1024,2026-05-02T21:58:14.4768152Z,43611,Tier 2 Bench: particlefilter,[OK] particlefilter 1024 -> 0.339841 ms
finished,Tier 2,particlefilter,2048,2026-05-02T21:59:55.9535167Z,43615,Tier 2 Bench: particlefilter,[OK] particlefilter 2048 -> 0.653708 ms
finished,Tier 2,particlefilter,4096,2026-05-02T22:08:38.9755697Z,43619,Tier 2 Bench: particlefilter,[OK] particlefilter 4096 -> 1.274290 ms
timed_out_600s,Tier 2,particlefilter,8192,2026-05-02T22:18:39.0384493Z,43623,Tier 2 Bench: particlefilter,##[warning]TIMEOUT: particlefilter 8192 (>600s)
finished,Tier 2,pathfinder,1024,2026-05-02T21:57:39.0283504Z,42966,Tier 2 Bench: pathfinder,[OK] pathfinder 1024 -> 0.041631 ms
finished,Tier 2,pathfinder,2048,2026-05-02T21:57:43.5223989Z,42970,Tier 2 Bench: pathfinder,[OK] pathfinder 2048 -> 0.040584 ms
finished,Tier 2,pathfinder,4096,2026-05-02T21:57:53.8004541Z,42974,Tier 2 Bench: pathfinder,[OK] pathfinder 4096 -> 0.040226 ms
finished,Tier 2,pathfinder,8192,2026-05-02T21:58:22.1923343Z,42978,Tier 2 Bench: pathfinder,[OK] pathfinder 8192 -> 0.040464 ms
finished,Tier 2,pathfinder,16384,2026-05-02T21:59:56.5341687Z,42982,Tier 2 Bench: pathfinder,[OK] pathfinder 16384 -> 0.041092 ms
finished,Tier 2,pathfinder,32768,2026-05-02T22:07:48.5677185Z,42986,Tier 2 Bench: pathfinder,[OK] pathfinder 32768 -> 0.051161 ms
timed_out_600s,Tier 2,pathfinder,65536,2026-05-02T22:17:48.6144351Z,42990,Tier 2 Bench: pathfinder,##[warning]TIMEOUT: pathfinder 65536 (>600s)
finished,Tier 2,qtc,64,2026-05-02T22:11:37.4360327Z,52644,Tier 2 Bench: qtc,[OK] qtc 64 -> 0.005447 ms
finished,Tier 2,qtc,128,2026-05-02T22:11:37.7706498Z,52648,Tier 2 Bench: qtc,[OK] qtc 128 -> 0.010341 ms
finished,Tier 2,qtc,192,2026-05-02T22:11:38.3143361Z,52652,Tier 2 Bench: qtc,[OK] qtc 192 -> 0.015235 ms
finished,Tier 2,qtc,256,2026-05-02T22:11:39.1708810Z,52656,Tier 2 Bench: qtc,[OK] qtc 256 -> 0.020238 ms
finished,Tier 2,qtc,384,2026-05-02T22:11:42.0128127Z,52660,Tier 2 Bench: qtc,[OK] qtc 384 -> 0.029914 ms
finished,Tier 2,qtc,512,2026-05-02T22:11:46.8755209Z,52664,Tier 2 Bench: qtc,[OK] qtc 512 -> 0.039934 ms
finished,Tier 2,qtc,768,2026-05-02T22:12:10.0502407Z,52668,Tier 2 Bench: qtc,[OK] qtc 768 -> 0.059638 ms
finished,Tier 2,qtc,1024,2026-05-02T22:14:50.9375035Z,52672,Tier 2 Bench: qtc,[OK] qtc 1024 -> 0.078848 ms
timed_out_600s,Tier 2,qtc,1536,2026-05-02T22:24:50.9557890Z,52676,Tier 2 Bench: qtc,##[warning]TIMEOUT: qtc 1536 (>600s)
finished,Tier 1,reduction,512,2026-05-02T21:01:42.3459488Z,17553,Tier 1 Bench: reduction,[OK] reduction 512 -> 0.001045 ms
finished,Tier 1,reduction,1024,2026-05-02T21:01:42.5449001Z,17557,Tier 1 Bench: reduction,[OK] reduction 1024 -> 0.001863 ms
finished,Tier 1,reduction,2048,2026-05-02T21:01:42.8317456Z,17561,Tier 1 Bench: reduction,[OK] reduction 2048 -> 0.001867 ms
finished,Tier 1,reduction,4096,2026-05-02T21:01:43.0812949Z,17565,Tier 1 Bench: reduction,[OK] reduction 4096 -> 0.001863 ms
finished,Tier 1,reduction,8192,2026-05-02T21:01:43.3999633Z,17569,Tier 1 Bench: reduction,[OK] reduction 8192 -> 0.001864 ms
finished,Tier 1,reduction,16384,2026-05-02T21:01:43.8699039Z,17573,Tier 1 Bench: reduction,[OK] reduction 16384 -> 0.001865 ms
finished,Tier 1,reduction,32768,2026-05-02T21:01:44.7098679Z,17577,Tier 1 Bench: reduction,[OK] reduction 32768 -> 0.001890 ms
finished,Tier 1,reduction,65536,2026-05-02T21:01:46.3670759Z,17581,Tier 1 Bench: reduction,[OK] reduction 65536 -> 0.002086 ms
finished,Tier 1,reduction,131072,2026-05-02T21:01:49.6630607Z,17585,Tier 1 Bench: reduction,[OK] reduction 131072 -> 0.002518 ms
finished,Tier 1,reduction,262144,2026-05-02T21:01:57.1499431Z,17589,Tier 1 Bench: reduction,[OK] reduction 262144 -> 0.003398 ms
finished,Tier 1,reduction,524288,2026-05-02T21:02:16.8651418Z,17593,Tier 1 Bench: reduction,[OK] reduction 524288 -> 0.006026 ms
finished,Tier 1,reduction,1048576,2026-05-02T21:03:20.6390636Z,17597,Tier 1 Bench: reduction,[OK] reduction 1048576 -> 0.009598 ms
finished,Tier 1,reduction,2097152,2026-05-02T21:08:22.1461502Z,17601,Tier 1 Bench: reduction,[OK] reduction 2097152 -> 0.016297 ms
timed_out_600s,Tier 1,reduction,4194304,2026-05-02T21:18:22.1812458Z,17605,Tier 1 Bench: reduction,##[warning]TIMEOUT: reduction 4194304 (>600s)
finished,Tier 2,rope,B4_S64_H32_D128_blk256,2026-05-02T22:24:02.0215752Z,57543,Tier 2 Bench: rope,[OK] rope B4_S64_H32_D128_blk256 -> 0.013318 ms
finished,Tier 2,rope,B4_S128_H32_D128_blk256,2026-05-02T22:26:40.1177883Z,57547,Tier 2 Bench: rope,[OK] rope B4_S128_H32_D128_blk256 -> 0.026296 ms
finished,Tier 2,rope,B4_S256_H32_D128_blk256,2026-05-02T22:32:05.8318154Z,57551,Tier 2 Bench: rope,[OK] rope B4_S256_H32_D128_blk256 -> 0.052155 ms
finished,Tier 2,rope,B4_S384_H32_D128_blk256,2026-05-02T22:42:05.4715920Z,57555,Tier 2 Bench: rope,[OK] rope B4_S384_H32_D128_blk256 -> 0.078012 ms
timed_out_600s,Tier 2,rope,B4_S512_H32_D128_blk256,2026-05-02T22:52:05.5726575Z,57559,Tier 2 Bench: rope,##[warning]TIMEOUT: rope B4_S512_H32_D128_blk256 (>600s)
finished,Tier 2,s3d,512,2026-05-02T22:19:28.0247677Z,56716,Tier 2 Bench: s3d,[OK] s3d 512 -> 0.027544 ms
finished,Tier 2,s3d,1024,2026-05-02T22:19:42.0783145Z,56720,Tier 2 Bench: s3d,[OK] s3d 1024 -> 0.034488 ms
finished,Tier 2,s3d,2048,2026-05-02T22:20:02.1684122Z,56724,Tier 2 Bench: s3d,[OK] s3d 2048 -> 0.042666 ms
finished,Tier 2,s3d,4096,2026-05-02T22:20:31.2759605Z,56728,Tier 2 Bench: s3d,[OK] s3d 4096 -> 0.046189 ms
finished,Tier 2,s3d,8192,2026-05-02T22:21:31.4081687Z,56732,Tier 2 Bench: s3d,[OK] s3d 8192 -> 0.047608 ms
finished,Tier 2,s3d,16384,2026-05-02T22:23:30.7243863Z,56736,Tier 2 Bench: s3d,[OK] s3d 16384 -> 0.048018 ms
finished,Tier 2,s3d,32768,2026-05-02T22:27:39.9162038Z,56740,Tier 2 Bench: s3d,[OK] s3d 32768 -> 0.051055 ms
timed_out_600s,Tier 2,s3d,65536,2026-05-02T22:37:40.0221656Z,56744,Tier 2 Bench: s3d,##[warning]TIMEOUT: s3d 65536 (>600s)
finished,Tier 2,scan,1024,2026-05-02T21:24:18.0055878Z,23340,Tier 2 Bench: scan,[OK] scan 1024 -> 0.004434 ms
finished,Tier 2,scan,2048,2026-05-02T21:24:18.3473072Z,23344,Tier 2 Bench: scan,[OK] scan 2048 -> 0.004399 ms
finished,Tier 2,scan,4096,2026-05-02T21:24:18.7344593Z,23348,Tier 2 Bench: scan,[OK] scan 4096 -> 0.004404 ms
finished,Tier 2,scan,8192,2026-05-02T21:24:19.3891418Z,23352,Tier 2 Bench: scan,[OK] scan 8192 -> 0.004401 ms
finished,Tier 2,scan,16384,2026-05-02T21:24:20.3695423Z,23356,Tier 2 Bench: scan,[OK] scan 16384 -> 0.004419 ms
finished,Tier 2,scan,32768,2026-05-02T21:24:22.3130119Z,23360,Tier 2 Bench: scan,[OK] scan 32768 -> 0.004518 ms
finished,Tier 2,scan,65536,2026-05-02T21:24:26.9611474Z,23364,Tier 2 Bench: scan,[OK] scan 65536 -> 0.004723 ms
finished,Tier 2,scan,131072,2026-05-02T21:24:38.5478756Z,23368,Tier 2 Bench: scan,[OK] scan 131072 -> 0.005299 ms
finished,Tier 2,scan,262144,2026-05-02T21:25:10.9458000Z,23372,Tier 2 Bench: scan,[OK] scan 262144 -> 0.006706 ms
finished,Tier 2,scan,524288,2026-05-02T21:26:37.1255725Z,23376,Tier 2 Bench: scan,[OK] scan 524288 -> 0.012172 ms
finished,Tier 2,scan,1048576,2026-05-02T21:32:04.0967615Z,23380,Tier 2 Bench: scan,[OK] scan 1048576 -> 0.018877 ms
timed_out_600s,Tier 2,scan,2097152,2026-05-02T21:42:04.1373264Z,23384,Tier 2 Bench: scan,##[warning]TIMEOUT: scan 2097152 (>600s)
timed_out_600s,Tier 1,sfun_sin,1024,2026-05-02T21:00:18.7860632Z,14630,Tier 1 Bench: sfun_sin,##[warning]TIMEOUT: sfun_sin 1024 (>600s)
finished,Tier 1,shared_bw,1048576,2026-05-02T20:55:22.6687423Z,4391,Tier 1 Bench: shared_bw,[OK] shared_bw 1048576 -> 0.013602 ms
timed_out_600s,Tier 1,shared_bw,2097152,2026-05-02T21:05:22.7110662Z,4395,Tier 1 Bench: shared_bw,##[warning]TIMEOUT: shared_bw 2097152 (>600s)
finished,Tier 2,softmax,rows64_cols1024_bs256,2026-05-02T22:15:20.1680954Z,53815,Tier 2 Bench: softmax,[OK] softmax rows64_cols1024_bs256 -> 0.002755 ms
finished,Tier 2,softmax,rows128_cols1024_bs256,2026-05-02T22:15:28.3891833Z,53819,Tier 2 Bench: softmax,[OK] softmax rows128_cols1024_bs256 -> 0.003145 ms
finished,Tier 2,softmax,rows256_cols1024_bs256,2026-05-02T22:15:47.7549020Z,53823,Tier 2 Bench: softmax,[OK] softmax rows256_cols1024_bs256 -> 0.004592 ms
finished,Tier 2,softmax,rows512_cols1024_bs256,2026-05-02T22:16:50.2702606Z,53827,Tier 2 Bench: softmax,[OK] softmax rows512_cols1024_bs256 -> 0.007831 ms
finished,Tier 2,softmax,rows1024_cols1024_bs256,2026-05-02T22:19:52.3246937Z,53831,Tier 2 Bench: softmax,[OK] softmax rows1024_cols1024_bs256 -> 0.014409 ms
timed_out_600s,Tier 2,softmax,rows2048_cols1024_bs256,2026-05-02T22:29:52.3720737Z,53835,Tier 2 Bench: softmax,##[warning]TIMEOUT: softmax rows2048_cols1024_bs256 (>600s)
finished,Tier 2,srad,64,2026-05-02T21:57:44.3652862Z,44189,Tier 2 Bench: srad,[OK] srad 64 -> 0.010028 ms
finished,Tier 2,srad,128,2026-05-02T21:58:10.5632074Z,44193,Tier 2 Bench: srad,[OK] srad 128 -> 0.009865 ms
finished,Tier 2,srad,192,2026-05-02T21:59:36.9391051Z,44197,Tier 2 Bench: srad,[OK] srad 192 -> 0.010182 ms
finished,Tier 2,srad,256,2026-05-02T22:05:08.7904846Z,44201,Tier 2 Bench: srad,[OK] srad 256 -> 0.012208 ms
timed_out_600s,Tier 2,srad,384,2026-05-02T22:15:08.8540001Z,44205,Tier 2 Bench: srad,##[warning]TIMEOUT: srad 384 (>600s)
finished,Tier 2,sssp,1024,2026-05-02T22:24:52.3451376Z,59542,Tier 2 Bench: sssp,[OK] sssp 1024 -> 0.001526 ms
finished,Tier 2,sssp,2048,2026-05-02T22:24:52.5800981Z,59546,Tier 2 Bench: sssp,[OK] sssp 2048 -> 0.001545 ms
finished,Tier 2,sssp,4096,2026-05-02T22:24:52.7358888Z,59550,Tier 2 Bench: sssp,[OK] sssp 4096 -> 0.001555 ms
finished,Tier 2,sssp,8192,2026-05-02T22:24:52.9150055Z,59554,Tier 2 Bench: sssp,[OK] sssp 8192 -> 0.001558 ms
finished,Tier 2,sssp,16384,2026-05-02T22:24:53.1942276Z,59558,Tier 2 Bench: sssp,[OK] sssp 16384 -> 0.001583 ms
finished,Tier 2,sssp,32768,2026-05-02T22:24:53.7109181Z,59562,Tier 2 Bench: sssp,[OK] sssp 32768 -> 0.001691 ms
finished,Tier 2,sssp,65536,2026-05-02T22:24:54.5736660Z,59566,Tier 2 Bench: sssp,[OK] sssp 65536 -> 0.001885 ms
finished,Tier 2,sssp,131072,2026-05-02T22:24:56.4992178Z,59570,Tier 2 Bench: sssp,[OK] sssp 131072 -> 0.002228 ms
finished,Tier 2,sssp,196608,2026-05-02T22:24:59.6744714Z,59574,Tier 2 Bench: sssp,[OK] sssp 196608 -> 0.002624 ms
finished,Tier 2,sssp,262144,2026-05-02T22:25:04.6369650Z,59578,Tier 2 Bench: sssp,[OK] sssp 262144 -> 0.003043 ms
finished,Tier 2,sssp,524288,2026-05-02T22:25:21.1602087Z,59582,Tier 2 Bench: sssp,[OK] sssp 524288 -> 0.004695 ms
finished,Tier 2,sssp,786432,2026-05-02T22:25:54.8785593Z,59586,Tier 2 Bench: sssp,[OK] sssp 786432 -> 0.006358 ms
finished,Tier 2,sssp,1048576,2026-05-02T22:26:42.2888979Z,59590,Tier 2 Bench: sssp,[OK] sssp 1048576 -> 0.007816 ms
finished,Tier 2,sssp,1572864,2026-05-02T22:27:53.2943238Z,59594,Tier 2 Bench: sssp,[OK] sssp 1572864 -> 0.011049 ms
finished,Tier 2,sssp,2097152,2026-05-02T22:29:23.0358417Z,59598,Tier 2 Bench: sssp,[OK] sssp 2097152 -> 0.014455 ms
finished,Tier 2,sssp,2621440,2026-05-02T22:30:39.2401590Z,59602,Tier 2 Bench: sssp,[OK] sssp 2621440 -> 0.018029 ms
finished,Tier 2,sssp,3145728,2026-05-02T22:32:03.2673089Z,59606,Tier 2 Bench: sssp,[OK] sssp 3145728 -> 0.020530 ms
finished,Tier 2,sssp,4194304,2026-05-02T22:34:11.0722695Z,59610,Tier 2 Bench: sssp,[OK] sssp 4194304 -> 0.026861 ms
finished,Tier 2,streamcluster,1024,2026-05-02T21:58:44.9188003Z,44774,Tier 2 Bench: streamcluster,[OK] streamcluster 1024 -> 0.009378 ms
finished,Tier 2,streamcluster,2048,2026-05-02T21:59:40.5397849Z,44778,Tier 2 Bench: streamcluster,[OK] streamcluster 2048 -> 0.010810 ms
finished,Tier 2,streamcluster,4096,2026-05-02T22:01:37.5105380Z,44782,Tier 2 Bench: streamcluster,[OK] streamcluster 4096 -> 0.012296 ms
finished,Tier 2,streamcluster,8192,2026-05-02T22:05:57.4078795Z,44786,Tier 2 Bench: streamcluster,[OK] streamcluster 8192 -> 0.016580 ms
finished,Tier 2,streamcluster,16384,2026-05-02T22:14:44.7186872Z,44790,Tier 2 Bench: streamcluster,[OK] streamcluster 16384 -> 0.018065 ms
timed_out_600s,Tier 2,streamcluster,32768,2026-05-02T22:24:44.8003696Z,44794,Tier 2 Bench: streamcluster,##[warning]TIMEOUT: streamcluster 32768 (>600s)
finished,Tier 2,syr2k,64,2026-05-02T21:49:22.6742488Z,37097,Tier 2 Bench: syr2k,[OK] syr2k 64 -> 0.010079 ms
timed_out_600s,Tier 2,syr2k,128,2026-05-02T21:59:22.6931211Z,37101,Tier 2 Bench: syr2k,##[warning]TIMEOUT: syr2k 128 (>600s)
finished,Tier 2,syrk,64,2026-05-02T21:48:35.3731666Z,37897,Tier 2 Bench: syrk,[OK] syrk 64 -> 0.004632 ms
finished,Tier 2,syrk,128,2026-05-02T21:54:48.3059112Z,37901,Tier 2 Bench: syrk,[OK] syrk 128 -> 0.008655 ms
timed_out_600s,Tier 2,syrk,192,2026-05-02T22:04:48.3406862Z,37905,Tier 2 Bench: syrk,##[warning]TIMEOUT: syrk 192 (>600s)
finished,Tier 2,tiled_gemm_16,M1_N768_K768_tile16,2026-05-02T22:25:30.6035388Z,58133,Tier 2 Bench: tiled_gemm_16,[OK] tiled_gemm_16 M1_N768_K768_tile16 -> 0.020218 ms
finished,Tier 2,tiled_gemm_16,M8_N768_K768_tile16,2026-05-02T22:26:24.4993208Z,58137,Tier 2 Bench: tiled_gemm_16,[OK] tiled_gemm_16 M8_N768_K768_tile16 -> 0.020327 ms
finished,Tier 2,tiled_gemm_16,M32_N768_K768_tile16,2026-05-02T22:28:39.8583128Z,58141,Tier 2 Bench: tiled_gemm_16,[OK] tiled_gemm_16 M32_N768_K768_tile16 -> 0.020755 ms
finished,Tier 2,tiled_gemm_16,M64_N768_K768_tile16,2026-05-02T22:33:48.3452358Z,58145,Tier 2 Bench: tiled_gemm_16,[OK] tiled_gemm_16 M64_N768_K768_tile16 -> 0.020907 ms
timed_out_600s,Tier 2,tiled_gemm_16,M128_N768_K768_tile16,2026-05-02T22:43:48.4575661Z,58149,Tier 2 Bench: tiled_gemm_16,##[warning]TIMEOUT: tiled_gemm_16 M128_N768_K768_tile16 (>600s)
finished,Tier 1,triad,1024,2026-05-02T21:00:26.5105983Z,16698,Tier 1 Bench: triad,[OK] triad 1024 -> 559000000.000000 ms
finished,Tier 1,triad,2048,2026-05-02T21:00:26.7217081Z,16702,Tier 1 Bench: triad,[OK] triad 2048 -> 560000000.000000 ms
finished,Tier 1,triad,4096,2026-05-02T21:00:26.9632720Z,16706,Tier 1 Bench: triad,[OK] triad 4096 -> 565000000.000000 ms
finished,Tier 1,triad,8192,2026-05-02T21:00:27.2562423Z,16710,Tier 1 Bench: triad,[OK] triad 8192 -> 571000000.000000 ms
finished,Tier 1,triad,16384,2026-05-02T21:00:27.6614791Z,16714,Tier 1 Bench: triad,[OK] triad 16384 -> 672000000.000000 ms
finished,Tier 1,triad,32768,2026-05-02T21:00:28.3094121Z,16718,Tier 1 Bench: triad,[OK] triad 32768 -> 946000000.000000 ms
finished,Tier 1,triad,65536,2026-05-02T21:00:29.5051284Z,16722,Tier 1 Bench: triad,[OK] triad 65536 -> 0.001544 ms
finished,Tier 1,triad,131072,2026-05-02T21:00:32.1644459Z,16726,Tier 1 Bench: triad,[OK] triad 131072 -> 0.002755 ms
finished,Tier 1,triad,262144,2026-05-02T21:00:38.0836138Z,16730,Tier 1 Bench: triad,[OK] triad 262144 -> 0.005181 ms
finished,Tier 1,triad,524288,2026-05-02T21:00:55.2102681Z,16734,Tier 1 Bench: triad,[OK] triad 524288 -> 0.010071 ms
finished,Tier 1,triad,1048576,2026-05-02T21:01:48.6258958Z,16738,Tier 1 Bench: triad,[OK] triad 1048576 -> 0.019816 ms
finished,Tier 1,triad,2097152,2026-05-02T21:03:47.6070287Z,16742,Tier 1 Bench: triad,[OK] triad 2097152 -> 0.039202 ms
finished,Tier 1,triad,4194304,2026-05-02T21:12:52.2996966Z,16746,Tier 1 Bench: triad,[OK] triad 4194304 -> 0.077992 ms
timed_out_600s,Tier 1,triad,8388608,2026-05-02T21:22:52.3539674Z,16750,Tier 1 Bench: triad,##[warning]TIMEOUT: triad 8388608 (>600s)
