kernel_name,problem_size,real_ms,sim_ms,abs_error_ms,rel_error
2dconvolution,1024x1024,0.007600,,,
2dconvolution,1280x1280,0.012400,,,
2dconvolution,128x128,0.004600,0.000686,0.003914,-0.850870
2dconvolution,1536x1536,0.015800,,,
2dconvolution,1792x1792,0.020100,,,
2dconvolution,192x192,0.004900,0.000952,0.003948,-0.805714
2dconvolution,2048x2048,0.025100,,,
2dconvolution,2560x2560,0.036500,,,
2dconvolution,256x256,0.004800,0.001201,0.003599,-0.749792
2dconvolution,3072x3072,0.048600,,,
2dconvolution,3584x3584,0.067300,,,
2dconvolution,384x384,0.004900,0.002211,0.002689,-0.548776
2dconvolution,4096x4096,0.086200,,,
2dconvolution,512x512,0.005500,0.003613,0.001887,-0.343091
2dconvolution,640x640,0.005900,0.005452,0.000448,-0.075932
2dconvolution,64x64,0.004500,0.000677,0.003823,-0.849556
2dconvolution,768x768,0.006100,0.007683,0.001583,0.259508
2dconvolution,896x896,0.007000,,,
2mm,1024,1.500000,,,
2mm,128,0.039400,0.015143,0.024257,-0.615660
2mm,1280,2.543900,,,
2mm,1536,4.332900,,,
2mm,1792,6.236100,,,
2mm,192,0.056500,0.024194,0.032306,-0.571788
2mm,2048,9.200000,,,
2mm,256,0.073200,0.036482,0.036718,-0.501612
2mm,2560,19.017300,,,
2mm,3072,30.681600,,,
2mm,3584,52.338000,,,
2mm,384,0.108000,,,
2mm,4096,82.479000,,,
2mm,512,0.220500,,,
2mm,64,0.022400,0.007169,0.015231,-0.679955
2mm,640,0.324400,,,
2mm,768,0.590100,,,
2mm,896,0.877900,,,
3dconvolution,112x112x112,0.013400,,,
3dconvolution,128x128x128,0.018500,,,
3dconvolution,160x160x160,0.031100,,,
3dconvolution,192x192x192,0.037600,,,
3dconvolution,224x224x224,0.077000,,,
3dconvolution,256x256x256,0.114500,,,
3dconvolution,320x320x320,0.216500,,,
3dconvolution,32x32x32,0.004700,0.000958,0.003742,-0.796170
3dconvolution,384x384x384,0.427600,,,
3dconvolution,448x448x448,0.640700,,,
3dconvolution,48x48x48,0.005000,0.001833,0.003167,-0.633400
3dconvolution,512x512x512,1.329800,,,
3dconvolution,64x64x64,0.006400,0.003646,0.002754,-0.430313
3dconvolution,80x80x80,0.007100,,,
3dconvolution,96x96x96,0.008700,,,
3mm,1024,2.241100,,,
3mm,128,0.070800,0.020916,0.049884,-0.704576
3mm,1280,3.803200,,,
3mm,1536,6.551700,,,
3mm,1792,9.396200,,,
3mm,192,0.101000,0.032907,0.068093,-0.674188
3mm,2048,13.862900,,,
3mm,256,0.134500,,,
3mm,2560,28.901100,,,
3mm,3072,46.330000,,,
3mm,3584,78.075300,,,
3mm,384,0.197300,,,
3mm,4096,123.988900,,,
3mm,512,0.374000,,,
3mm,64,0.038100,0.010441,0.027659,-0.725958
3mm,640,0.479500,,,
3mm,768,0.877900,,,
3mm,896,1.302900,,,
adjust_weights,1024,0.005800,0.000739,0.005061,-0.872586
adjust_weights,1048576,0.133200,,,
adjust_weights,131072,0.020800,0.027631,0.006831,0.328413
adjust_weights,1572864,0.199500,,,
adjust_weights,16384,0.007200,0.003847,0.003353,-0.465694
adjust_weights,2048,0.005800,0.000927,0.004873,-0.840172
adjust_weights,2097152,0.248600,,,
adjust_weights,256,0.007600,0.000556,0.007044,-0.926842
adjust_weights,262144,0.036400,0.054073,0.017673,0.485522
adjust_weights,2621440,0.308800,,,
adjust_weights,3145728,0.359700,,,
adjust_weights,32768,0.010200,0.007224,0.002976,-0.291765
adjust_weights,4096,0.005600,0.001336,0.004264,-0.761429
adjust_weights,4194304,0.468000,,,
adjust_weights,512,0.004700,0.000640,0.004060,-0.863830
adjust_weights,524288,0.070000,,,
adjust_weights,65536,0.012800,0.013989,0.001189,0.092891
adjust_weights,8192,0.006200,0.002160,0.004040,-0.651613
atax,1024x1024,0.578200,,,
atax,1280x1280,0.712000,,,
atax,128x128,0.049900,0.025938,0.023962,-0.480200
atax,1536x1536,0.910300,,,
atax,1792x1792,1.121900,,,
atax,192x192,0.074300,0.050093,0.024207,-0.325801
atax,2048x2048,1.317200,,,
atax,2560x2560,1.655100,,,
atax,256x256,0.145700,0.075230,0.070470,-0.483665
atax,3072x3072,2.003800,,,
atax,3584x3584,2.324700,,,
atax,384x384,0.217300,0.111248,0.106052,-0.488044
atax,4096x4096,2.643700,,,
atax,512x512,0.268400,0.167042,0.101358,-0.377638
atax,640x640,0.358900,0.211018,0.147882,-0.412042
atax,64x64,0.029300,0.008966,0.020334,-0.693993
atax,768x768,0.420000,,,
atax,896x896,0.498100,,,
atomic_throughput,1024,8.918900,,,
atomic_throughput,1048576,9143.475600,,,
atomic_throughput,131072,1153.066000,,,
atomic_throughput,16384,144.159500,,,
atomic_throughput,2048,17.832100,,,
atomic_throughput,262144,2295.245900,,,
atomic_throughput,32768,289.642200,,,
atomic_throughput,4096,35.658000,,,
atomic_throughput,524288,4578.264200,,,
atomic_throughput,65536,578.222300,,,
atomic_throughput,8192,71.309700,,,
bfs,1024,0.354050,0.002964,0.351086,-0.991628
bfs,1048576,1.663650,,,
bfs,131072,0.816050,0.004192,0.811858,-0.994863
bfs,1572864,2.236700,,,
bfs,16384,0.509400,0.003633,0.505767,-0.992868
bfs,196608,0.892100,0.004352,0.887748,-0.995122
bfs,2048,0.394550,0.002939,0.391611,-0.992551
bfs,2097152,2.762400,,,
bfs,262144,0.941000,0.005708,0.935292,-0.993934
bfs,2621440,3.303850,,,
bfs,3145728,3.924500,,,
bfs,32768,0.539350,0.003679,0.535671,-0.993179
bfs,4096,0.433100,0.003430,0.429670,-0.992080
bfs,4194304,5.007350,,,
bfs,524288,1.058100,0.008651,1.049449,-0.991824
bfs,65536,0.675650,0.003831,0.671819,-0.994330
bfs,786432,1.322800,0.011819,1.310981,-0.991065
bfs,8192,0.395950,0.003583,0.392367,-0.990951
bh,1024,0.334900,0.008311,0.326589,-0.975184
bh,1048576,460.646600,,,
bh,131072,33.320400,0.017358,33.303042,-0.999479
bh,1572864,855.000000,,,
bh,16384,3.391100,0.011085,3.380015,-0.996731
bh,196608,50.718600,0.021685,50.696915,-0.999572
bh,2048,0.549100,0.008950,0.540150,-0.983701
bh,2097152,1268.847900,,,
bh,256,0.193200,0.007977,0.185223,-0.958711
bh,262144,70.231600,0.024576,70.207024,-0.999650
bh,32768,7.117600,0.011801,7.105799,-0.998342
bh,393216,118.235000,0.030404,118.204596,-0.999743
bh,4096,0.958100,0.010040,0.948060,-0.989521
bh,512,0.237800,0.008429,0.229371,-0.964554
bh,524288,175.965900,,,
bh,65536,15.246400,0.013004,15.233396,-0.999147
bh,786432,311.938700,,,
bh,8192,1.823800,0.010280,1.813520,-0.994363
bicg,1024x1024,0.577800,,,
bicg,1280x1280,0.707400,,,
bicg,128x128,0.046300,0.027125,0.019175,-0.414147
bicg,1536x1536,0.912200,,,
bicg,1792x1792,1.114800,,,
bicg,192x192,0.066400,0.051744,0.014656,-0.220723
bicg,2048x2048,1.306300,,,
bicg,2560x2560,1.664300,,,
bicg,256x256,0.132900,0.084774,0.048126,-0.362122
bicg,3072x3072,2.003300,,,
bicg,3584x3584,2.323400,,,
bicg,384x384,0.198900,0.127175,0.071725,-0.360608
bicg,4096x4096,2.649800,,,
bicg,512x512,0.263400,0.172654,0.090746,-0.344518
bicg,640x640,0.330400,0.216546,0.113854,-0.344594
bicg,64x64,0.024500,0.009539,0.014961,-0.610653
bicg,768x768,0.427200,,,
bicg,896x896,0.478900,,,
branch_div_50pct,1024,0.066000,0.002932,0.063068,-0.955576
branch_div_50pct,1048576,0.338200,,,
branch_div_50pct,131072,0.213800,0.003784,0.210016,-0.982301
branch_div_50pct,16384,0.072100,0.002943,0.069157,-0.959182
branch_div_50pct,16777216,4.717100,,,
branch_div_50pct,2048,0.057400,0.002932,0.054468,-0.948920
branch_div_50pct,2097152,0.621300,,,
branch_div_50pct,262144,0.381700,0.005575,0.376125,-0.985394
branch_div_50pct,32768,0.102000,0.003045,0.098955,-0.970147
branch_div_50pct,33554432,9.387300,,,
branch_div_50pct,4096,0.067100,0.002932,0.064168,-0.956304
branch_div_50pct,4194304,1.209200,,,
branch_div_50pct,524288,0.206400,0.010224,0.196176,-0.950465
branch_div_50pct,65536,0.132200,0.003247,0.128953,-0.975439
branch_div_50pct,8192,0.071900,0.002937,0.068963,-0.959152
branch_div_50pct,8388608,2.375600,,,
bs,1024,0.004600,0.001028,0.003572,-0.776522
bs,1048576,0.011800,,,
bs,131072,0.005600,0.004391,0.001209,-0.215893
bs,16384,0.004500,0.001240,0.003260,-0.724444
bs,16777216,0.095400,,,
bs,2048,0.004700,0.001029,0.003671,-0.781064
bs,2097152,0.016500,,,
bs,262144,0.006300,0.008437,0.002137,0.339206
bs,32768,0.004800,0.001605,0.003195,-0.665625
bs,4096,0.004600,0.001041,0.003559,-0.773696
bs,4194304,0.027300,,,
bs,512,0.004500,0.001031,0.003469,-0.770889
bs,524288,0.008200,0.241589,0.233389,28.462073
bs,65536,0.005400,0.002372,0.003028,-0.560741
bs,8192,0.004700,0.001085,0.003615,-0.769149
bs,8388608,0.048800,,,
busspeeddownload,1024KB,0.029600,0.020001,0.009599,-0.324291
busspeeddownload,128KB,0.012800,0.002665,0.010135,-0.791797
busspeeddownload,131072KB,2.322600,,,
busspeeddownload,16384KB,0.303400,0.313879,0.010479,0.034539
busspeeddownload,16KB,0.009200,0.000495,0.008705,-0.946196
busspeeddownload,1KB,0.008900,0.000181,0.008719,-0.979663
busspeeddownload,2048KB,0.047300,0.039843,0.007457,-0.157653
busspeeddownload,256KB,0.015800,0.005170,0.010630,-0.672785
busspeeddownload,262144KB,4.631000,,,
busspeeddownload,2KB,0.008100,0.000203,0.007897,-0.974938
busspeeddownload,32768KB,0.590900,0.625886,0.034986,0.059208
busspeeddownload,32KB,0.011700,0.000830,0.010870,-0.929060
busspeeddownload,4096KB,0.085900,0.079457,0.006443,-0.075006
busspeeddownload,4KB,0.009400,0.000245,0.009155,-0.973936
busspeeddownload,512KB,0.021000,0.010113,0.010887,-0.518429
busspeeddownload,64KB,0.012200,0.001447,0.010753,-0.881393
busspeeddownload,65536KB,1.171400,,,
busspeeddownload,8192KB,0.159800,0.158092,0.001708,-0.010688
busspeeddownload,8KB,0.009200,0.000328,0.008872,-0.964348
busspeedreadback,1024KB,0.035400,0.020001,0.015399,-0.435000
busspeedreadback,128KB,0.016200,0.002665,0.013535,-0.835494
busspeedreadback,131072KB,2.328700,,,
busspeedreadback,16384KB,0.308900,0.313879,0.004979,0.016118
busspeedreadback,16KB,0.011700,0.000495,0.011205,-0.957692
busspeedreadback,1KB,0.009900,0.000181,0.009719,-0.981717
busspeedreadback,2048KB,0.051800,0.039843,0.011957,-0.230830
busspeedreadback,256KB,0.019600,0.005170,0.014430,-0.736224
busspeedreadback,262144KB,4.639100,,,
busspeedreadback,2KB,0.007600,0.000203,0.007397,-0.973289
busspeedreadback,32768KB,0.598500,0.625886,0.027386,0.045758
busspeedreadback,32KB,0.014200,0.000830,0.013370,-0.941549
busspeedreadback,4096KB,0.094800,0.079457,0.015343,-0.161846
busspeedreadback,4KB,0.007500,0.000245,0.007255,-0.967333
busspeedreadback,512KB,0.021800,0.010113,0.011687,-0.536101
busspeedreadback,64KB,0.015100,0.001447,0.013653,-0.904172
busspeedreadback,65536KB,1.174100,,,
busspeedreadback,8192KB,0.163200,0.158092,0.005108,-0.031299
busspeedreadback,8KB,0.006700,0.000328,0.006372,-0.951045
computeq,1024,0.077200,0.026057,0.051143,-0.662474
computeq,1048576,0.468400,,,
computeq,131072,0.105200,,,
computeq,1572864,0.684100,,,
computeq,16384,0.077400,0.032111,0.045289,-0.585129
computeq,2048,0.076900,0.025687,0.051213,-0.665969
computeq,2097152,0.904400,,,
computeq,256,0.076500,0.023659,0.052841,-0.690732
computeq,262144,0.144800,,,
computeq,2621440,1.117600,,,
computeq,3145728,1.333700,,,
computeq,32768,0.077500,0.037236,0.040264,-0.519535
computeq,4096,0.077300,0.026944,0.050356,-0.651436
computeq,512,0.076300,0.025607,0.050693,-0.664391
computeq,524288,0.238700,,,
computeq,65536,0.086600,,,
computeq,8192,0.077200,0.031108,0.046092,-0.597047
computesad,1024,0.888500,,,
computesad,128,0.197200,,,
computesad,160,0.199500,,,
computesad,192,0.197900,,,
computesad,224,0.198800,,,
computesad,256,0.207600,,,
computesad,32,0.177800,0.166773,0.011027,-0.062019
computesad,320,0.209700,,,
computesad,384,0.231800,,,
computesad,448,0.268000,,,
computesad,48,0.194300,0.177201,0.017099,-0.088003
computesad,512,0.316700,,,
computesad,64,0.195300,,,
computesad,640,0.423200,,,
computesad,768,0.557400,,,
computesad,896,0.707900,,,
computesad,96,0.196500,,,
correlation,1024x1024,1.047100,,,
correlation,1280x1280,1.386200,,,
correlation,128x128,0.124800,0.019528,0.105272,-0.843526
correlation,1536x1536,2.090500,,,
correlation,1792x1792,2.867600,,,
correlation,192x192,0.183000,0.029310,0.153690,-0.839836
correlation,2048x2048,4.011600,,,
correlation,2560x2560,6.977000,,,
correlation,256x256,0.249300,0.040573,0.208727,-0.837252
correlation,3072x3072,10.603100,,,
correlation,3584x3584,16.946700,,,
correlation,384x384,0.399000,0.061950,0.337050,-0.844737
correlation,4096x4096,25.023000,,,
correlation,512x512,0.558800,,,
correlation,640x640,0.528400,,,
correlation,64x64,0.054100,0.009927,0.044173,-0.816506
correlation,768x768,0.624800,,,
correlation,896x896,0.859000,,,
covariance,1024x1024,0.916200,,,
covariance,1280x1280,1.222200,,,
covariance,128x128,0.103200,0.013745,0.089455,-0.866812
covariance,1536x1536,1.849100,,,
covariance,1792x1792,2.608700,,,
covariance,192x192,0.153500,0.020996,0.132504,-0.863218
covariance,2048x2048,3.505500,,,
covariance,2560x2560,6.331200,,,
covariance,256x256,0.221800,0.029398,0.192402,-0.867457
covariance,3072x3072,9.811000,,,
covariance,3584x3584,15.475500,,,
covariance,384x384,0.349600,0.046951,0.302649,-0.865701
covariance,4096x4096,22.926600,,,
covariance,512x512,0.494900,,,
covariance,640x640,0.441100,,,
covariance,64x64,0.044200,0.006678,0.037522,-0.848914
covariance,768x768,0.544300,,,
covariance,896x896,0.746900,,,
cutoff_potential,1024,0.110700,,,
cutoff_potential,1048576,134.297300,,,
cutoff_potential,131072,13.369400,,,
cutoff_potential,1572864,205.723600,,,
cutoff_potential,16384,1.672200,,,
cutoff_potential,2048,0.215200,,,
cutoff_potential,2097152,274.023200,,,
cutoff_potential,256,0.033100,0.023517,0.009583,-0.289517
cutoff_potential,262144,26.762800,,,
cutoff_potential,2621440,341.468200,,,
cutoff_potential,3145728,409.782500,,,
cutoff_potential,32768,3.340300,,,
cutoff_potential,4096,0.423400,,,
cutoff_potential,512,0.059400,0.038655,0.020745,-0.349242
cutoff_potential,524288,66.562500,,,
cutoff_potential,65536,6.683600,,,
cutoff_potential,8192,0.839500,,,
devicememory_read,128MB,0.053000,,,
devicememory_read,12MB,0.011200,,,
devicememory_read,16MB,0.013100,,,
devicememory_read,192MB,0.073000,,,
devicememory_read,1MB,0.005500,0.003964,0.001536,-0.279273
devicememory_read,24MB,0.017400,,,
devicememory_read,256MB,0.110800,,,
devicememory_read,2MB,0.005400,0.349409,0.344009,63.705370
devicememory_read,32MB,0.021600,,,
devicememory_read,384MB,0.156900,,,
devicememory_read,48MB,0.029200,,,
devicememory_read,4MB,0.007100,0.783973,0.776873,109.418732
devicememory_read,512MB,0.203900,,,
devicememory_read,64MB,0.037000,,,
devicememory_read,8MB,0.009400,,,
devicememory_read,96MB,0.044500,,,
devicememory_write,128MB,0.039700,,,
devicememory_write,12MB,0.011400,0.019985,0.008585,0.753070
devicememory_write,16MB,0.013900,0.026455,0.012555,0.903237
devicememory_write,192MB,0.053700,,,
devicememory_write,1MB,0.005400,0.001972,0.003428,-0.634815
devicememory_write,24MB,0.018000,0.039378,0.021378,1.187667
devicememory_write,256MB,0.069700,,,
devicememory_write,2MB,0.005900,0.003631,0.002269,-0.384576
devicememory_write,32MB,0.022000,0.052308,0.030308,1.377636
devicememory_write,384MB,0.102700,,,
devicememory_write,48MB,0.029700,0.078162,0.048462,1.631717
devicememory_write,4MB,0.007400,0.006910,0.000490,-0.066216
devicememory_write,512MB,0.134500,,,
devicememory_write,64MB,0.037600,,,
devicememory_write,8MB,0.009800,0.013452,0.003652,0.372653
devicememory_write,96MB,0.039400,,,
dmr,1024,0.131000,0.001595,0.129405,-0.987824
dmr,131072,2.613400,,,
dmr,16384,0.568400,0.002349,0.566051,-0.995867
dmr,196608,3.723900,,,
dmr,2048,0.167900,0.001541,0.166359,-0.990822
dmr,256,0.102500,0.001598,0.100902,-0.984410
dmr,262144,4.446300,,,
dmr,32768,0.999200,0.003397,0.995803,-0.996600
dmr,393216,6.703400,,,
dmr,4096,0.274000,0.001561,0.272439,-0.994303
dmr,512,0.106100,0.001601,0.104499,-0.984910
dmr,524288,8.740400,,,
dmr,65536,1.352400,0.005444,1.346956,-0.995975
dmr,786432,13.028300,,,
dmr,8192,0.372200,0.001767,0.370433,-0.995253
dwt2d,1024x1024,0.193900,,,
dwt2d,1280x1280,0.241800,,,
dwt2d,128x128,0.112000,,,
dwt2d,1536x1536,0.308800,,,
dwt2d,2048x2048,0.453900,,,
dwt2d,2560x2560,0.660400,,,
dwt2d,256x256,0.186500,,,
dwt2d,3072x3072,0.908900,,,
dwt2d,32x32,0.092300,,,
dwt2d,384x384,0.267800,,,
dwt2d,4096x4096,1.532600,,,
dwt2d,5120x5120,2.343600,,,
dwt2d,512x512,0.397500,,,
dwt2d,6144x6144,3.375000,,,
dwt2d,64x64,0.097900,,,
dwt2d,7168x7168,4.567000,,,
dwt2d,768x768,0.147800,,,
dwt2d,8192x8192,5.994100,,,
ep,1024,0.022700,0.004390,0.018310,-0.806608
ep,1048576,0.045600,,,
ep,131072,0.024400,0.005259,0.019141,-0.784467
ep,16384,0.023200,0.004420,0.018780,-0.809483
ep,2048,0.022700,0.004395,0.018305,-0.806388
ep,2097152,0.054300,,,
ep,262144,0.023700,0.006814,0.016886,-0.712489
ep,32768,0.023000,0.004547,0.018453,-0.802304
ep,4096,0.021300,0.004395,0.016905,-0.793662
ep,512,0.006200,0.002136,0.004064,-0.655484
ep,524288,0.040300,0.012453,0.027847,-0.690993
ep,65536,0.022400,0.004762,0.017638,-0.787411
ep,8192,0.024000,0.004399,0.019601,-0.816708
fdtd2d,1024,0.388500,,,
fdtd2d,128,0.083200,0.012397,0.070803,-0.850998
fdtd2d,1280,0.491500,,,
fdtd2d,1536,0.677600,,,
fdtd2d,1792,0.815100,,,
fdtd2d,192,0.079000,0.012515,0.066485,-0.841582
fdtd2d,2048,1.031700,,,
fdtd2d,256,0.088300,0.014076,0.074224,-0.840589
fdtd2d,2560,1.525400,,,
fdtd2d,3072,2.113300,,,
fdtd2d,3584,2.816700,,,
fdtd2d,384,0.108600,0.017299,0.091301,-0.840709
fdtd2d,4096,3.715400,,,
fdtd2d,512,0.186700,0.025706,0.160994,-0.862314
fdtd2d,64,0.073600,0.012041,0.061559,-0.836399
fdtd2d,640,0.270000,,,
fdtd2d,768,0.323200,,,
fdtd2d,896,0.383500,,,
findminsad,1024,0.168900,,,
findminsad,128,0.156700,,,
findminsad,160,0.156900,,,
findminsad,192,0.155000,,,
findminsad,224,0.158100,,,
findminsad,256,0.164200,,,
findminsad,32,0.095900,,,
findminsad,320,0.165900,,,
findminsad,384,0.166600,,,
findminsad,448,0.167300,,,
findminsad,48,0.105500,,,
findminsad,512,0.168000,,,
findminsad,64,0.118100,,,
findminsad,640,0.168700,,,
findminsad,768,0.166700,,,
findminsad,896,0.169500,,,
findminsad,96,0.147200,,,
fp32_fma,1024,0.025200,,,
fp32_fma,1048576,22.253300,,,
fp32_fma,131072,2.785600,,,
fp32_fma,16384,0.351100,,,
fp32_fma,16777216,365.650500,,,
fp32_fma,2048,0.046800,,,
fp32_fma,2097152,44.500200,,,
fp32_fma,262144,5.568200,,,
fp32_fma,32768,0.698600,,,
fp32_fma,33554432,730.775100,,,
fp32_fma,4096,0.090700,,,
fp32_fma,4194304,88.984500,,,
fp32_fma,524288,11.131700,,,
fp32_fma,65536,1.394400,,,
fp32_fma,8192,0.178000,,,
fp32_fma,8388608,181.520300,,,
fp64_fma,1024,0.030600,,,
fp64_fma,1048576,27.755700,,,
fp64_fma,131072,3.498800,,,
fp64_fma,16384,0.439800,,,
fp64_fma,16777216,453.356800,,,
fp64_fma,2048,0.057800,,,
fp64_fma,2097152,55.467600,,,
fp64_fma,262144,7.034100,,,
fp64_fma,32768,0.883800,,,
fp64_fma,33554432,917.673700,,,
fp64_fma,4096,0.113000,,,
fp64_fma,4194304,111.294400,,,
fp64_fma,524288,13.867900,,,
fp64_fma,65536,1.727800,,,
fp64_fma,8192,0.225500,,,
fp64_fma,8388608,228.366800,,,
fused_swiglu,n11010048_bs256_ept1_p1,0.036200,,,
fused_swiglu,n134217728_bs256_ept1_p1,0.550600,,,
fused_swiglu,n1572864_bs256_ept1_p1,0.010100,0.042534,0.032434,3.211287
fused_swiglu,n16777216_bs256_ept1_p1,0.053900,,,
fused_swiglu,n196608_bs256_ept1_p1,0.005300,0.003990,0.001310,-0.247170
fused_swiglu,n22020096_bs256_ept1_p1,0.071200,,,
fused_swiglu,n3145728_bs256_ept1_p1,0.013500,0.099256,0.085756,6.352296
fused_swiglu,n33554432_bs256_ept1_p1,0.117200,,,
fused_swiglu,n393216_bs256_ept1_p1,0.005400,0.007648,0.002248,0.416296
fused_swiglu,n4194304_bs256_ept1_p1,0.016700,,,
fused_swiglu,n45088768_bs256_ept1_p1,0.157700,,,
fused_swiglu,n49152_bs256_ept1_p1,0.004800,0.001261,0.003539,-0.737292
fused_swiglu,n6291456_bs256_ept1_p1,0.022400,,,
fused_swiglu,n67108864_bs256_ept1_p1,0.240200,,,
fused_swiglu,n786432_bs256_ept1_p1,0.006400,0.014982,0.008582,1.340937
fused_swiglu,n8388608_bs256_ept1_p1,0.029100,,,
fused_swiglu,n90177536_bs256_ept1_p1,0.506000,,,
fused_swiglu,n98304_bs256_ept1_p1,0.004800,0.002170,0.002630,-0.547917
ga,1024,1.478800,0.719453,0.759347,-0.513489
ga,12288,2.549000,,,
ga,128,1.348900,0.360850,0.988050,-0.732486
ga,16384,1.680400,,,
ga,2048,1.573600,0.726529,0.847071,-0.538301
ga,24576,2.115100,,,
ga,256,1.926000,0.541044,1.384956,-0.719084
ga,32,1.322300,0.291911,1.030389,-0.779240
ga,32768,1.899200,,,
ga,4096,2.302800,,,
ga,49152,2.196800,,,
ga,512,1.474000,0.619009,0.854991,-0.580048
ga,6144,1.565900,,,
ga,64,1.441900,0.317614,1.124286,-0.779725
ga,65536,2.645200,,,
ga,8192,2.509300,,,
gaussian,128,2.040400,0.194493,1.845907,-0.904679
gaussian,1280,32.196200,,,
gaussian,1536,44.531300,,,
gaussian,192,2.919700,,,
gaussian,256,4.298500,,,
gaussian,2560,128.988100,,,
gaussian,32,0.443000,0.031825,0.411175,-0.928160
gaussian,384,6.440500,,,
gaussian,48,0.678000,0.058337,0.619663,-0.913957
gaussian,512,9.119200,,,
gaussian,64,0.913000,0.081449,0.831551,-0.910790
gaussian,640,11.429900,,,
gaussian,768,14.291200,,,
gaussian,96,1.389100,0.136724,1.252376,-0.901574
gelu,n16777216_bs256_ept1_gelu,0.039300,,,
gemm,1024,0.745000,,,
gemm,128,0.020600,0.007565,0.013035,-0.632767
gemm,1280,1.261000,,,
gemm,1536,2.125650,,,
gemm,1792,3.099400,,,
gemm,192,0.028650,0.012107,0.016543,-0.577417
gemm,2048,4.584050,,,
gemm,256,0.036950,0.018374,0.018576,-0.502733
gemm,2560,9.395800,,,
gemm,3072,15.183700,,,
gemm,32,0.008300,0.001966,0.006334,-0.763133
gemm,3584,25.373600,,,
gemm,384,0.052300,0.028436,0.023864,-0.456291
gemm,4096,40.057600,,,
gemm,48,0.010600,0.002802,0.007798,-0.735660
gemm,512,0.075900,,,
gemm,6144,129.715400,,,
gemm,64,0.012350,0.003613,0.008737,-0.707449
gemm,640,0.126200,,,
gemm,768,0.255650,,,
gemm,896,0.436200,,,
gemm,96,0.017200,0.005251,0.011949,-0.694709
gesummv,1024,0.496900,,,
gesummv,128,0.034200,0.031722,0.002478,-0.072456
gesummv,1280,0.650000,,,
gesummv,1536,0.766300,,,
gesummv,1792,0.926200,,,
gesummv,192,0.039500,0.070722,0.031222,0.790430
gesummv,2048,1.078100,,,
gesummv,256,0.117600,0.125373,0.007773,0.066097
gesummv,2560,1.374800,,,
gesummv,3072,1.647100,,,
gesummv,3584,1.916600,,,
gesummv,384,0.180100,0.188658,0.008558,0.047518
gesummv,4096,2.187700,,,
gesummv,512,0.249100,0.298893,0.049793,0.199892
gesummv,64,0.012000,0.009636,0.002364,-0.197000
gesummv,640,0.317700,,,
gesummv,768,0.367800,,,
gesummv,896,0.440300,,,
global_bw_copy,100663296,0.052700,,,
global_bw_copy,1048576,0.004500,0.003588,0.000912,-0.202667
global_bw_copy,12582912,0.011200,0.039405,0.028205,2.518304
global_bw_copy,134217728,0.075200,,,
global_bw_copy,16777216,0.013700,0.052329,0.038629,2.819635
global_bw_copy,201326592,0.135500,,,
global_bw_copy,2097152,0.005200,0.006862,0.001662,0.319615
global_bw_copy,25165824,0.017200,0.078174,0.060974,3.545000
global_bw_copy,268435456,0.179800,,,
global_bw_copy,33554432,0.020700,0.104068,0.083368,4.027440
global_bw_copy,402653184,0.271200,,,
global_bw_copy,4194304,0.006300,0.013373,0.007073,1.122698
global_bw_copy,50331648,0.028900,,,
global_bw_copy,536870912,0.364100,,,
global_bw_copy,67108864,0.037000,,,
global_bw_copy,8388608,0.008800,0.026382,0.017582,1.997955
gramschmidt,1024,8765.978400,,,
gramschmidt,128,145.928200,,,
gramschmidt,192,328.561700,,,
gramschmidt,256,636.555000,,,
gramschmidt,384,1423.772700,,,
gramschmidt,512,2501.669300,,,
gramschmidt,64,46.703900,2.567424,44.136476,-0.945028
gramschmidt,640,3255.283500,,,
gramschmidt,768,5539.145600,,,
gramschmidt,896,8802.341000,,,
gridding_kernel,1024,0.019000,0.014452,0.004548,-0.239368
gridding_kernel,1048576,1.005600,,,
gridding_kernel,131072,0.136000,,,
gridding_kernel,1572864,1.499800,,,
gridding_kernel,16384,0.026600,0.014405,0.012195,-0.458459
gridding_kernel,2048,0.019300,0.013992,0.005308,-0.275026
gridding_kernel,2097152,1.997400,,,
gridding_kernel,256,0.018400,0.013651,0.004749,-0.258098
gridding_kernel,262144,0.260600,,,
gridding_kernel,2621440,2.503400,,,
gridding_kernel,3145728,2.979100,,,
gridding_kernel,32768,0.040900,0.014935,0.025965,-0.634841
gridding_kernel,4096,0.024300,0.014041,0.010259,-0.422181
gridding_kernel,512,0.018800,0.013467,0.005333,-0.283670
gridding_kernel,524288,0.513000,,,
gridding_kernel,65536,0.079100,0.020313,0.058787,-0.743198
gridding_kernel,8192,0.022500,0.014634,0.007866,-0.349600
hist,1024,0.006300,0.001155,0.005145,-0.816667
hist,1048576,0.020800,0.011560,0.009240,-0.444231
hist,131072,0.013400,0.002346,0.011054,-0.824925
hist,16384,0.007200,0.002720,0.004480,-0.622222
hist,16777216,0.038000,0.106077,0.068077,1.791500
hist,2048,0.006300,0.001293,0.005007,-0.794762
hist,2097152,0.021200,0.015703,0.005497,-0.259292
hist,262144,0.020500,0.004868,0.015632,-0.762537
hist,32768,0.007700,0.002642,0.005058,-0.656883
hist,33554432,0.055800,,,
hist,4096,0.006600,0.001685,0.004915,-0.744697
hist,4194304,0.024600,0.027980,0.003380,0.137398
hist,512,0.006300,0.001037,0.005263,-0.835397
hist,524288,0.020500,0.005807,0.014693,-0.716732
hist,65536,0.009700,0.003064,0.006636,-0.684124
hist,67108864,0.105400,,,
hist,8192,0.007200,0.002478,0.004722,-0.655833
hist,8388608,0.028600,0.055388,0.026788,0.936643
histogram,1024,0.006700,0.001124,0.005576,-0.832239
histogram,1048576,0.695300,,,
histogram,131072,0.079200,,,
histogram,16384,0.011700,0.001442,0.010258,-0.876752
histogram,16777216,11.344600,,,
histogram,2048,0.006900,0.001279,0.005621,-0.814638
histogram,2097152,1.405400,,,
histogram,262144,0.164100,,,
histogram,32768,0.017400,,,
histogram,33554432,22.700000,,,
histogram,4096,0.007400,0.001635,0.005765,-0.779054
histogram,4194304,2.826400,,,
histogram,524288,0.339600,,,
histogram,65536,0.029300,,,
histogram,67108864,45.417100,,,
histogram,8192,0.009300,0.002288,0.007012,-0.753978
histogram,8388608,5.668400,,,
hotspot,1024,0.203700,,,
hotspot,128,0.070100,0.004799,0.065301,-0.931541
hotspot,1280,0.277500,,,
hotspot,1536,0.381400,,,
hotspot,192,0.086200,0.004778,0.081422,-0.944571
hotspot,2048,0.639900,,,
hotspot,256,0.118200,0.005862,0.112338,-0.950406
hotspot,2560,0.939000,,,
hotspot,3072,5.063200,,,
hotspot,32,0.057900,0.004655,0.053245,-0.919603
hotspot,3584,5.561200,,,
hotspot,384,0.221400,0.007946,0.213454,-0.964110
hotspot,4096,6.029100,,,
hotspot,48,0.090800,0.004816,0.085984,-0.946960
hotspot,512,0.357500,0.011803,0.345697,-0.966985
hotspot,64,0.062000,0.004852,0.057148,-0.921742
hotspot,640,0.190000,0.017681,0.172319,-0.906942
hotspot,768,0.219900,,,
hotspot,96,0.067700,0.004704,0.062996,-0.930517
hotspot3d,112,0.760800,,,
hotspot3d,128,0.964700,,,
hotspot3d,16,0.116100,0.033050,0.083050,-0.715332
hotspot3d,160,1.369500,,,
hotspot3d,192,1.823000,,,
hotspot3d,224,2.441400,,,
hotspot3d,24,0.177300,0.049230,0.128070,-0.722335
hotspot3d,256,3.373600,,,
hotspot3d,32,0.250900,0.068947,0.181953,-0.725201
hotspot3d,320,14.416800,,,
hotspot3d,384,19.466100,,,
hotspot3d,448,39.354200,,,
hotspot3d,48,0.443600,0.099463,0.344137,-0.775782
hotspot3d,512,128.055500,,,
hotspot3d,64,0.650900,,,
hotspot3d,8,0.093700,0.016299,0.077401,-0.826051
hotspot3d,80,0.534600,,,
hotspot3d,96,0.640600,,,
huffman,1024,0.097200,0.001511,0.095689,-0.984455
huffman,1048576,0.462000,0.027496,0.434504,-0.940485
huffman,12582912,4.404000,,,
huffman,131072,0.168600,0.004559,0.164041,-0.972960
huffman,16384,0.098800,0.001928,0.096872,-0.980486
huffman,16777216,5.833000,,,
huffman,2048,0.099100,0.001648,0.097452,-0.983370
huffman,2097152,0.826000,,,
huffman,262144,0.195800,0.008736,0.187064,-0.955383
huffman,32768,0.115100,0.002111,0.112989,-0.981659
huffman,4096,0.098200,0.001990,0.096210,-0.979735
huffman,4194304,1.537300,,,
huffman,524288,0.284500,0.016319,0.268181,-0.942640
huffman,65536,0.115000,0.002516,0.112484,-0.978122
huffman,8192,0.102500,0.002673,0.099827,-0.973922
huffman,8388608,2.967300,,,
int_mad,1024,0.039900,,,
int_mad,1048576,36.879500,,,
int_mad,131072,4.611700,,,
int_mad,16384,0.578800,,,
int_mad,16777216,597.729700,,,
int_mad,2048,0.075500,,,
int_mad,2097152,73.745500,,,
int_mad,262144,9.222800,,,
int_mad,32768,1.153400,,,
int_mad,33554432,1190.537500,,,
int_mad,4096,0.147700,,,
int_mad,4194304,148.766100,,,
int_mad,524288,18.443500,,,
int_mad,65536,2.304400,,,
int_mad,8192,0.290800,,,
int_mad,8388608,302.149600,,,
kmeans,1024,0.985400,0.011223,0.974177,-0.988611
kmeans,1048576,52.489500,,,
kmeans,131072,9.337400,,,
kmeans,1572864,81.589700,,,
kmeans,16384,1.662200,0.013736,1.648464,-0.991736
kmeans,2048,1.053800,0.013075,1.040725,-0.987593
kmeans,2097152,106.490700,,,
kmeans,262144,17.697400,,,
kmeans,3145728,160.352000,,,
kmeans,32768,2.596300,0.015303,2.580997,-0.994106
kmeans,4096,1.094000,0.013172,1.080828,-0.987960
kmeans,4194304,239.629600,,,
kmeans,524288,24.174000,,,
kmeans,65536,4.552900,0.018759,4.534141,-0.995880
kmeans,786432,36.116300,,,
kmeans,8192,1.257600,0.013376,1.244224,-0.989364
l1_cache_bw,1024,0.120200,0.007345,0.112855,-0.938894
l1_cache_bw,10240,0.122000,0.007359,0.114641,-0.939680
l1_cache_bw,12288,0.121400,0.007361,0.114039,-0.939366
l1_cache_bw,14336,0.122600,0.007361,0.115239,-0.939959
l1_cache_bw,16384,0.138000,0.007362,0.130638,-0.946652
l1_cache_bw,2048,0.120300,0.007347,0.112953,-0.938928
l1_cache_bw,20480,0.122800,0.007448,0.115352,-0.939349
l1_cache_bw,24576,0.122700,0.007452,0.115248,-0.939267
l1_cache_bw,28672,0.122500,0.007456,0.115044,-0.939135
l1_cache_bw,3072,0.120800,0.007347,0.113453,-0.939180
l1_cache_bw,32768,0.122500,0.007462,0.115038,-0.939086
l1_cache_bw,4096,0.121700,0.007348,0.114352,-0.939622
l1_cache_bw,49152,0.123000,0.007563,0.115437,-0.938512
l1_cache_bw,6144,0.121500,0.007351,0.114149,-0.939498
l1_cache_bw,65536,0.122800,0.007749,0.115051,-0.936897
l1_cache_bw,8192,0.122600,0.007358,0.115242,-0.939984
l2_cache_bw,1048576,0.092800,,,
l2_cache_bw,131072,0.093200,0.009632,0.083568,-0.896652
l2_cache_bw,1310720,0.092800,,,
l2_cache_bw,1572864,0.092800,,,
l2_cache_bw,196608,0.092900,0.009193,0.083707,-0.901044
l2_cache_bw,2097152,0.093400,,,
l2_cache_bw,262144,0.092800,0.010382,0.082418,-0.888125
l2_cache_bw,2621440,0.093100,,,
l2_cache_bw,3145728,0.092600,,,
l2_cache_bw,32768,0.092900,0.010086,0.082814,-0.891432
l2_cache_bw,3670016,0.092600,,,
l2_cache_bw,393216,0.092900,,,
l2_cache_bw,4194304,0.093000,,,
l2_cache_bw,524288,0.093000,,,
l2_cache_bw,65536,0.092800,0.009638,0.083162,-0.896142
l2_cache_bw,786432,0.093000,,,
lavamd,10,0.568000,,,
lavamd,12,0.748300,,,
lavamd,14,1.085100,,,
lavamd,16,1.428800,,,
lavamd,18,1.913000,,,
lavamd,2,0.158000,0.092434,0.065566,-0.414975
lavamd,20,2.512000,,,
lavamd,22,3.204500,,,
lavamd,24,4.142400,,,
lavamd,26,5.112700,,,
lavamd,28,6.423600,,,
lavamd,3,0.440700,,,
lavamd,30,7.878100,,,
lavamd,34,11.278700,,,
lavamd,38,15.875600,,,
lavamd,4,0.449000,,,
lavamd,5,0.452900,,,
lavamd,6,0.456200,,,
lavamd,8,0.502800,,,
layerforward,1024,0.083800,0.051562,0.032238,-0.384702
layerforward,1048576,89.671900,,,
layerforward,131072,11.259100,,,
layerforward,1572864,136.468500,,,
layerforward,16384,1.275400,,,
layerforward,2048,0.162200,0.142567,0.019633,-0.121042
layerforward,2097152,184.334100,,,
layerforward,256,0.025500,0.010369,0.015131,-0.593373
layerforward,262144,22.493400,,,
layerforward,2621440,233.746200,,,
layerforward,3145728,300.065000,,,
layerforward,32768,2.546700,,,
layerforward,4096,0.315800,0.283926,0.031874,-0.100931
layerforward,4194304,409.003900,,,
layerforward,512,0.043500,0.019413,0.024087,-0.553724
layerforward,524288,45.213200,,,
layerforward,65536,5.616000,,,
layerforward,8192,0.637800,0.566649,0.071151,-0.111557
layernorm,rows10240_hid4096_bs256_layernorm,0.141200,,,
layernorm,rows1024_hid4096_bs256_layernorm,0.018000,0.052459,0.034459,1.914389
layernorm,rows12288_hid4096_bs256_layernorm,0.173700,,,
layernorm,rows128_hid4096_bs256_layernorm,0.012200,0.008545,0.003655,-0.299590
layernorm,rows131072_hid4096_bs256_layernorm,7.006100,,,
layernorm,rows16384_hid4096_bs256_layernorm,0.237500,,,
layernorm,rows20480_hid4096_bs256_layernorm,0.295700,,,
layernorm,rows2048_hid4096_bs256_layernorm,0.036200,,,
layernorm,rows24576_hid4096_bs256_layernorm,1.200800,,,
layernorm,rows256_hid4096_bs256_layernorm,0.012100,0.014123,0.002023,0.167190
layernorm,rows32768_hid4096_bs256_layernorm,5.095000,,,
layernorm,rows4096_hid4096_bs256_layernorm,0.059100,,,
layernorm,rows49152_hid4096_bs256_layernorm,11.566900,,,
layernorm,rows512_hid4096_bs256_layernorm,0.013600,0.026555,0.012955,0.952574
layernorm,rows6144_hid4096_bs256_layernorm,0.082600,,,
layernorm,rows64_hid4096_bs256_layernorm,0.011400,0.005893,0.005507,-0.483070
layernorm,rows65536_hid4096_bs256_layernorm,2.542100,,,
layernorm,rows8192_hid4096_bs256_layernorm,0.112100,,,
lbm_stream_collide,16,0.110500,0.006877,0.103623,-0.937765
lbm_stream_collide,20,0.136900,0.007226,0.129674,-0.947217
lbm_stream_collide,24,0.166500,0.008102,0.158398,-0.951339
lbm_stream_collide,28,0.178900,0.009804,0.169096,-0.945198
lbm_stream_collide,32,0.238400,0.012289,0.226111,-0.948452
lbm_stream_collide,36,0.239800,0.015761,0.224039,-0.934274
lbm_stream_collide,40,0.229500,0.020353,0.209147,-0.911316
lbm_stream_collide,44,0.200000,0.024316,0.175684,-0.878420
lbm_stream_collide,48,0.217300,0.030917,0.186383,-0.857722
lbm_stream_collide,52,0.336700,0.037722,0.298978,-0.887966
lbm_stream_collide,56,0.327500,,,
lbm_stream_collide,60,0.575200,,,
lbm_stream_collide,64,0.772500,,,
lbm_stream_collide,68,0.762800,,,
lbm_stream_collide,72,1.304400,,,
lbm_stream_collide,76,1.381800,,,
lbm_stream_collide,80,1.513300,,,
lud,1024,4.241300,,,
lud,128,0.473700,0.219983,0.253717,-0.535607
lud,1280,5.385200,,,
lud,1536,6.590300,,,
lud,1792,7.851300,,,
lud,192,0.766200,0.349423,0.416777,-0.543953
lud,2048,9.079700,,,
lud,256,1.056500,0.477629,0.578871,-0.547914
lud,2560,11.851600,,,
lud,3072,14.823500,,,
lud,3584,18.060700,,,
lud,384,1.639400,0.733737,0.905663,-0.552436
lud,4096,21.659600,,,
lud,512,2.274800,0.987848,1.286952,-0.565743
lud,64,0.204300,0.094043,0.110257,-0.539682
lud,640,2.586300,1.264778,1.321522,-0.510970
lud,768,3.111700,,,
lud,896,3.676500,,,
maxflops,1024,0.013100,0.005084,0.008016,-0.611908
maxflops,1048576,0.046900,,,
maxflops,131072,0.013100,0.006126,0.006974,-0.532366
maxflops,16384,0.012900,0.005102,0.007798,-0.604496
maxflops,16777216,0.596900,,,
maxflops,2048,0.013300,0.005086,0.008214,-0.617594
maxflops,2097152,0.083600,,,
maxflops,262144,0.020900,0.008903,0.011997,-0.574019
maxflops,32768,0.013000,0.005199,0.007801,-0.600077
maxflops,4096,0.013200,0.005087,0.008113,-0.614621
maxflops,4194304,0.157000,,,
maxflops,512,0.012600,0.005084,0.007516,-0.596508
maxflops,524288,0.032900,0.017113,0.015787,-0.479848
maxflops,65536,0.013500,0.005414,0.008086,-0.598963
maxflops,8192,0.013100,0.005097,0.008003,-0.610916
maxflops,8388608,0.303600,,,
md,1024,0.130700,0.046289,0.084411,-0.645838
md,12288,1.543300,0.104287,1.439013,-0.932426
md,128,0.020400,0.014037,0.006363,-0.311912
md,131072,24.154500,,,
md,16384,2.053600,,,
md,2048,0.260000,0.054290,0.205710,-0.791192
md,24576,3.080900,,,
md,256,0.035900,0.027485,0.008415,-0.234401
md,32768,4.111800,,,
md,4096,0.516700,0.060419,0.456281,-0.883068
md,49152,6.184200,,,
md,512,0.067300,0.036683,0.030617,-0.454933
md,6144,0.773100,0.065301,0.707799,-0.915534
md,65536,9.700700,,,
md,8192,1.030000,0.088262,0.941738,-0.914309
md,98304,15.331300,,,
md5hash,1024,0.012500,0.007262,0.005238,-0.419040
md5hash,1048576,0.044400,,,
md5hash,131072,0.014200,0.021763,0.007563,0.532606
md5hash,16384,0.012400,0.008006,0.004394,-0.354355
md5hash,16777216,0.569100,,,
md5hash,2048,0.012600,0.007264,0.005336,-0.423492
md5hash,2097152,0.077800,,,
md5hash,262144,0.018500,,,
md5hash,32768,0.012600,0.009623,0.002977,-0.236270
md5hash,4096,0.012600,0.007261,0.005339,-0.423730
md5hash,4194304,0.145100,,,
md5hash,512,0.012400,0.007265,0.005135,-0.414113
md5hash,524288,0.027100,,,
md5hash,65536,0.012600,0.013373,0.000773,0.061349
md5hash,8192,0.012600,0.007274,0.005326,-0.422698
md5hash,8388608,0.285300,,,
mem_latency_chase,1024,0.082000,0.018362,0.063638,-0.776073
mem_latency_chase,1048576,0.147800,0.109504,0.038296,-0.259107
mem_latency_chase,131072,0.144900,0.090983,0.053917,-0.372098
mem_latency_chase,16384,0.135700,0.085434,0.050266,-0.370420
mem_latency_chase,2048,0.082700,0.018570,0.064130,-0.775453
mem_latency_chase,2097152,0.311200,0.119927,0.191273,-0.614630
mem_latency_chase,256,0.078400,0.017676,0.060724,-0.774541
mem_latency_chase,262144,0.145700,0.093704,0.051996,-0.356870
mem_latency_chase,32768,0.140500,0.087767,0.052733,-0.375324
mem_latency_chase,4096,0.084800,0.018578,0.066222,-0.780920
mem_latency_chase,4194304,0.315800,0.140565,0.175235,-0.554892
mem_latency_chase,512,0.081100,0.017900,0.063200,-0.779285
mem_latency_chase,524288,0.148400,0.102488,0.045912,-0.309380
mem_latency_chase,65536,0.145300,0.089233,0.056067,-0.385871
mem_latency_chase,8192,0.086900,0.018569,0.068331,-0.786318
mem_latency_chase,8388608,0.317200,0.178820,0.138380,-0.436255
mvt,1024,0.380900,,,
mvt,128,0.039900,0.021166,0.018734,-0.469524
mvt,1280,0.485800,,,
mvt,1536,0.681400,,,
mvt,1792,0.866000,,,
mvt,192,0.056700,0.042809,0.013891,-0.244991
mvt,2048,1.039500,,,
mvt,256,0.097200,0.072573,0.024627,-0.253364
mvt,2560,1.293900,,,
mvt,3072,1.562600,,,
mvt,3584,1.818500,,,
mvt,384,0.147100,0.108729,0.038371,-0.260850
mvt,4096,2.096800,,,
mvt,512,0.188900,0.145712,0.043188,-0.228629
mvt,64,0.020100,0.008556,0.011544,-0.574328
mvt,640,0.236800,0.186056,0.050744,-0.214291
mvt,768,0.286600,,,
mvt,896,0.337300,,,
naive_attention,B4_S1024_H12_D64_blk256,20.750100,,,
naive_attention,B4_S1280_H12_D64_blk256,38.578900,,,
naive_attention,B4_S128_H12_D64_blk256,0.464200,0.234568,0.229632,-0.494683
naive_attention,B4_S1536_H12_D64_blk256,47.538000,,,
naive_attention,B4_S192_H12_D64_blk256,0.920300,0.350710,0.569590,-0.618918
naive_attention,B4_S2048_H12_D64_blk256,97.503100,,,
naive_attention,B4_S2560_H12_D64_blk256,168.134700,,,
naive_attention,B4_S256_H12_D64_blk256,1.710900,0.466799,1.244101,-0.727162
naive_attention,B4_S3072_H12_D64_blk256,391.118200,,,
naive_attention,B4_S32_H12_D64_blk256,0.040100,0.062806,0.022706,0.566234
naive_attention,B4_S384_H12_D64_blk256,3.328200,0.699259,2.628941,-0.789899
naive_attention,B4_S4096_H12_D64_blk256,1376.912800,,,
naive_attention,B4_S512_H12_D64_blk256,5.610000,0.931481,4.678519,-0.833961
naive_attention,B4_S640_H12_D64_blk256,9.030000,1.163919,7.866081,-0.871105
naive_attention,B4_S64_H12_D64_blk256,0.125700,0.120888,0.004812,-0.038282
naive_attention,B4_S768_H12_D64_blk256,11.282700,,,
naive_attention,B4_S96_H12_D64_blk256,0.187600,0.176573,0.011027,-0.058779
nn,1024,0.004300,0.000617,0.003683,-0.856512
nn,1048576,0.006700,0.019858,0.013158,1.963881
nn,131072,0.005000,0.002778,0.002222,-0.444400
nn,16384,0.004900,0.000723,0.004177,-0.852449
nn,2048,0.004400,0.000620,0.003780,-0.859091
nn,2097152,0.009200,,,
nn,262144,0.005000,0.005207,0.000207,0.041400
nn,3145728,0.012500,,,
nn,32768,0.004600,0.000960,0.003640,-0.791304
nn,4096,0.005200,0.000622,0.004578,-0.880385
nn,4194304,0.016300,,,
nn,524288,0.005500,0.010091,0.004591,0.834727
nn,6291456,0.022400,,,
nn,65536,0.004600,0.001565,0.003035,-0.659783
nn,8192,0.005100,0.000634,0.004466,-0.875686
nn,8388608,0.028400,,,
nw,1024,1.853700,0.751220,1.102480,-0.594746
nw,10240,25.893300,,,
nw,12288,33.523200,,,
nw,128,0.261300,0.079012,0.182288,-0.697620
nw,1536,2.814500,,,
nw,16384,50.628700,,,
nw,192,0.378400,0.119549,0.258851,-0.684067
nw,2048,3.829600,,,
nw,256,0.513300,0.161424,0.351876,-0.685517
nw,3072,5.986500,,,
nw,4096,12.185300,,,
nw,512,0.908500,0.342959,0.565541,-0.622500
nw,5120,14.535000,,,
nw,6144,17.162400,,,
nw,64,0.128400,0.039246,0.089154,-0.694346
nw,768,1.384800,0.537316,0.847484,-0.611990
nw,8192,19.783300,,,
occupancy_fma,1024,0.033500,0.005843,0.027657,-0.825582
occupancy_fma,1048576,0.170700,,,
occupancy_fma,131072,0.036600,0.008607,0.027993,-0.764836
occupancy_fma,16384,0.036700,0.005856,0.030844,-0.840436
occupancy_fma,16777216,2.405900,,,
occupancy_fma,2048,0.033500,0.005842,0.027658,-0.825612
occupancy_fma,2097152,0.325600,,,
occupancy_fma,262144,0.047200,0.014200,0.033000,-0.699153
occupancy_fma,32768,0.033700,0.005955,0.027745,-0.823294
occupancy_fma,33554432,4.740100,,,
occupancy_fma,4096,0.033600,0.005845,0.027755,-0.826042
occupancy_fma,4194304,0.630600,,,
occupancy_fma,524288,0.098800,,,
occupancy_fma,65536,0.034000,0.006147,0.027853,-0.819206
occupancy_fma,8192,0.033800,0.005846,0.027954,-0.827041
occupancy_fma,8388608,1.219000,,,
pagerank,1024,0.094600,,,
pagerank,12288,0.148600,,,
pagerank,128,0.086900,0.001636,0.085264,-0.981174
pagerank,16384,0.155900,,,
pagerank,2048,0.104000,,,
pagerank,24576,0.172600,,,
pagerank,256,0.085400,0.100832,0.015432,0.180703
pagerank,262144,0.958000,,,
pagerank,32768,0.191600,,,
pagerank,4096,0.133400,,,
pagerank,49152,0.227400,,,
pagerank,512,0.088400,,,
pagerank,6144,0.134800,,,
pagerank,65536,0.308600,,,
pagerank,8192,0.140600,,,
pagerank,98304,0.417300,,,
particlefilter,1024,1.896000,0.334471,1.561529,-0.823591
particlefilter,1048576,1416.654100,,,
particlefilter,131072,182.655400,,,
particlefilter,16384,22.470000,4.791020,17.678980,-0.786781
particlefilter,2048,3.305600,0.642610,2.662990,-0.805600
particlefilter,2097152,2809.258800,,,
particlefilter,256,0.861100,0.100614,0.760486,-0.883156
particlefilter,262144,358.461500,,,
particlefilter,32768,44.496500,,,
particlefilter,4096,6.069600,1.250777,4.818823,-0.793928
particlefilter,4194304,5648.328400,,,
particlefilter,512,1.199200,0.178289,1.020911,-0.851327
particlefilter,524288,708.087100,,,
particlefilter,65536,88.840300,,,
particlefilter,786432,1069.164600,,,
particlefilter,8192,11.495000,2.466070,9.028930,-0.785466
pathfinder,1024,0.303500,0.042586,0.260914,-0.859684
pathfinder,1048576,0.816500,,,
pathfinder,131072,0.364200,,,
pathfinder,1572864,1.538000,,,
pathfinder,16384,0.349200,0.044532,0.304668,-0.872474
pathfinder,196608,0.438700,,,
pathfinder,2048,0.685900,0.042449,0.643451,-0.938112
pathfinder,2097152,1.243700,,,
pathfinder,262144,0.511400,,,
pathfinder,32768,0.306600,0.054449,0.252151,-0.822410
pathfinder,393216,0.487300,,,
pathfinder,4096,0.346800,0.043126,0.303674,-0.875646
pathfinder,524288,0.648300,,,
pathfinder,65536,0.315400,0.074467,0.240933,-0.763897
pathfinder,786432,0.778700,,,
pathfinder,8192,0.391000,0.043805,0.347195,-0.887967
qtc,1024,0.155700,0.072942,0.082758,-0.531522
qtc,12288,2.811200,,,
qtc,128,0.018600,0.009368,0.009232,-0.496344
qtc,1536,0.242900,0.106183,0.136717,-0.562853
qtc,16384,4.164400,,,
qtc,192,0.024600,0.013766,0.010834,-0.440407
qtc,2048,0.338400,0.141371,0.197029,-0.582237
qtc,256,0.042000,0.018266,0.023734,-0.565095
qtc,3072,0.501900,,,
qtc,384,0.060700,0.026954,0.033746,-0.555947
qtc,4096,0.675200,,,
qtc,512,0.078300,0.035974,0.042326,-0.540562
qtc,6144,1.098000,,,
qtc,64,0.011800,0.004971,0.006829,-0.578729
qtc,768,0.118700,0.053362,0.065338,-0.550447
qtc,8192,1.665300,,,
reduction,1024,0.007600,0.001902,0.005698,-0.749737
reduction,1048576,0.022800,0.009625,0.013175,-0.577851
reduction,131072,0.008400,0.002553,0.005847,-0.696071
reduction,16384,0.007200,0.001903,0.005297,-0.735694
reduction,16777216,0.046800,,,
reduction,2048,0.007400,0.001899,0.005501,-0.743378
reduction,2097152,0.022900,0.016546,0.006354,-0.277467
reduction,262144,0.007500,0.003434,0.004066,-0.542133
reduction,32768,0.007700,0.001912,0.005788,-0.751688
reduction,33554432,0.071700,,,
reduction,4096,0.007800,0.001902,0.005898,-0.756154
reduction,4194304,0.026700,0.029632,0.002932,0.109813
reduction,512,0.007100,0.001068,0.006032,-0.849577
reduction,524288,0.022200,0.005902,0.016298,-0.734144
reduction,65536,0.009100,0.002112,0.006988,-0.767912
reduction,67108864,0.130300,,,
reduction,8192,0.008900,0.001901,0.006999,-0.786404
reduction,8388608,0.032800,,,
rope,B4_S1024_H32_D128_blk256,0.093400,,,
rope,B4_S12288_H32_D128_blk256,1.494000,,,
rope,B4_S128_H32_D128_blk256,0.024100,0.028510,0.004410,0.182988
rope,B4_S1536_H32_D128_blk256,0.134000,,,
rope,B4_S16384_H32_D128_blk256,1.959000,,,
rope,B4_S2048_H32_D128_blk256,0.188000,,,
rope,B4_S256_H32_D128_blk256,0.034100,0.063027,0.028927,0.848299
rope,B4_S3072_H32_D128_blk256,0.326200,,,
rope,B4_S32768_H32_D128_blk256,14.763900,,,
rope,B4_S384_H32_D128_blk256,0.043700,0.095772,0.052072,1.191579
rope,B4_S4096_H32_D128_blk256,0.443900,,,
rope,B4_S512_H32_D128_blk256,0.053400,0.132301,0.078901,1.477547
rope,B4_S6144_H32_D128_blk256,0.726400,,,
rope,B4_S64_H32_D128_blk256,0.016300,0.013325,0.002975,-0.182515
rope,B4_S768_H32_D128_blk256,0.073300,0.287244,0.213944,2.918745
rope,B4_S8192_H32_D128_blk256,1.483600,,,
s3d,1024,0.018400,0.034516,0.016116,0.875870
s3d,1048576,0.241000,,,
s3d,131072,0.047200,0.063378,0.016178,0.342754
s3d,16384,0.018700,0.044540,0.025840,1.381818
s3d,16777216,3.939900,,,
s3d,2048,0.018700,0.039988,0.021288,1.138396
s3d,2097152,0.498400,,,
s3d,262144,0.074500,,,
s3d,32768,0.020500,0.046720,0.026220,1.279024
s3d,4096,0.018300,0.042596,0.024296,1.327650
s3d,4194304,1.017600,,,
s3d,512,0.018100,0.027566,0.009466,0.522983
s3d,524288,0.128200,,,
s3d,65536,0.029000,0.052338,0.023338,0.804759
s3d,8192,0.020300,0.043347,0.023047,1.135320
s3d,8388608,1.999800,,,
scan,1024,0.023700,0.004428,0.019272,-0.813165
scan,1048576,0.049800,,,
scan,131072,0.025900,0.005317,0.020583,-0.794710
scan,16384,0.024400,0.004436,0.019964,-0.818197
scan,2048,0.024000,0.004408,0.019592,-0.816333
scan,2097152,0.057300,,,
scan,262144,0.026800,0.006804,0.019996,-0.746119
scan,32768,0.025100,0.004578,0.020522,-0.817610
scan,4096,0.023800,0.004410,0.019390,-0.814706
scan,4194304,0.077200,,,
scan,524288,0.042100,0.012409,0.029691,-0.705249
scan,65536,0.025700,0.004777,0.020923,-0.814125
scan,8192,0.025400,0.004409,0.020991,-0.826417
sfun_sin,1024,0.434200,,,
sfun_sin,1048576,452.468000,,,
sfun_sin,131072,55.338900,,,
sfun_sin,16384,6.924500,,,
sfun_sin,16777216,7092.342200,,,
sfun_sin,2048,0.864000,,,
sfun_sin,2097152,894.998700,,,
sfun_sin,262144,111.890400,,,
sfun_sin,32768,13.854000,,,
sfun_sin,4096,1.725300,,,
sfun_sin,4194304,1781.293000,,,
sfun_sin,524288,228.713900,,,
sfun_sin,65536,27.720100,,,
sfun_sin,8192,3.447200,,,
sfun_sin,8388608,3553.292500,,,
sgemm_tiled,1024,0.192900,,,
sgemm_tiled,1088,0.237500,,,
sgemm_tiled,1152,0.276000,,,
sgemm_tiled,1216,0.340000,,,
sgemm_tiled,128,0.008200,0.003976,0.004224,-0.515122
sgemm_tiled,1280,0.418600,,,
sgemm_tiled,192,0.010200,0.005885,0.004315,-0.423039
sgemm_tiled,256,0.012900,0.008039,0.004861,-0.376822
sgemm_tiled,320,0.015100,0.009994,0.005106,-0.338146
sgemm_tiled,384,0.020000,0.016060,0.003940,-0.197000
sgemm_tiled,448,0.026200,0.021994,0.004206,-0.160534
sgemm_tiled,512,0.034600,,,
sgemm_tiled,576,0.044500,,,
sgemm_tiled,64,0.006300,0.002315,0.003985,-0.632540
sgemm_tiled,640,0.058800,,,
sgemm_tiled,704,0.073200,,,
sgemm_tiled,768,0.091400,,,
sgemm_tiled,832,0.107300,,,
sgemm_tiled,896,0.131400,,,
sgemm_tiled,960,0.158100,,,
shared_bw,100663296,0.608700,,,
shared_bw,1048576,0.015100,0.013401,0.001699,-0.112517
shared_bw,12582912,0.081500,,,
shared_bw,134217728,0.803800,,,
shared_bw,16777216,0.105900,,,
shared_bw,201326592,1.202700,,,
shared_bw,2097152,0.022200,0.030661,0.008461,0.381126
shared_bw,25165824,0.153600,,,
shared_bw,268435456,1.592500,,,
shared_bw,33554432,0.203700,,,
shared_bw,402653184,2.373400,,,
shared_bw,4194304,0.033500,,,
shared_bw,50331648,0.302300,,,
shared_bw,536870912,3.148700,,,
shared_bw,67108864,0.404300,,,
shared_bw,8388608,0.057300,,,
softmax,rows1024_cols1024_bs256,0.009400,0.014431,0.005031,0.535213
softmax,rows12288_cols1024_bs256,0.053800,,,
softmax,rows128_cols1024_bs256,0.006800,0.003113,0.003687,-0.542206
softmax,rows131072_cols1024_bs256,1.529300,,,
softmax,rows16384_cols1024_bs256,0.068200,,,
softmax,rows196608_cols1024_bs256,1.071300,,,
softmax,rows2048_cols1024_bs256,0.017300,0.027858,0.010558,0.610289
softmax,rows24576_cols1024_bs256,0.094800,,,
softmax,rows256_cols1024_bs256,0.008600,0.004569,0.004031,-0.468721
softmax,rows262144_cols1024_bs256,3.141500,,,
softmax,rows32768_cols1024_bs256,0.150300,,,
softmax,rows4096_cols1024_bs256,0.025600,,,
softmax,rows49152_cols1024_bs256,0.250400,,,
softmax,rows512_cols1024_bs256,0.008400,0.007814,0.000586,-0.069762
softmax,rows64_cols1024_bs256,0.006900,0.002751,0.004149,-0.601304
softmax,rows65536_cols1024_bs256,0.340500,,,
softmax,rows8192_cols1024_bs256,0.039500,,,
softmax,rows98304_cols1024_bs256,0.525700,,,
sort,1024,1.368900,,,
sort,1048576,2.866800,,,
sort,131072,1.731300,,,
sort,16384,1.587100,,,
sort,16777216,10.451000,,,
sort,2048,1.497900,,,
sort,2097152,3.501800,,,
sort,262144,1.892600,,,
sort,32768,1.610200,,,
sort,4096,1.461900,,,
sort,4194304,4.400300,,,
sort,524288,2.783400,,,
sort,65536,1.658200,,,
sort,8192,1.402900,,,
sort,8388608,6.301800,,,
spmv_csr,1024,0.007800,0.001130,0.006670,-0.855128
spmv_csr,1048576,0.439100,0.058876,0.380224,-0.865917
spmv_csr,131072,0.021100,0.007766,0.013334,-0.631943
spmv_csr,1572864,0.747900,,,
spmv_csr,16384,0.009300,0.001635,0.007665,-0.824194
spmv_csr,2048,0.007400,0.001133,0.006267,-0.846892
spmv_csr,2097152,1.056700,,,
spmv_csr,262144,0.042300,0.015040,0.027260,-0.644444
spmv_csr,2621440,1.367900,,,
spmv_csr,3145728,1.684000,,,
spmv_csr,32768,0.009600,0.002443,0.007157,-0.745521
spmv_csr,4096,0.008800,0.001141,0.007659,-0.870341
spmv_csr,4194304,2.301700,,,
spmv_csr,524288,0.156600,0.029930,0.126670,-0.808876
spmv_csr,65536,0.012800,0.004292,0.008508,-0.664688
spmv_csr,8192,0.009100,0.001306,0.007794,-0.856484
srad,1024,0.634600,,,
srad,128,0.245400,0.012206,0.233194,-0.950261
srad,1280,0.830300,,,
srad,1536,1.091900,,,
srad,192,0.282100,0.012308,0.269792,-0.956370
srad,2048,1.746400,,,
srad,256,0.340600,0.018893,0.321707,-0.944530
srad,2560,2.602300,,,
srad,384,0.453600,0.049029,0.404571,-0.891911
srad,4096,6.614700,,,
srad,512,0.618100,,,
srad,6144,14.661000,,,
srad,64,0.231100,0.009884,0.221216,-0.957231
srad,640,0.493900,,,
srad,768,0.464300,,,
srad,8192,25.972400,,,
sssp,1024,0.433900,0.001582,0.432318,-0.996354
sssp,1048576,5.811900,0.009360,5.802540,-0.998390
sssp,131072,1.792100,0.002292,1.789808,-0.998721
sssp,1572864,7.827200,0.017970,7.809230,-0.997704
sssp,16384,0.790700,0.001643,0.789057,-0.997922
sssp,196608,2.219400,0.002907,2.216493,-0.998690
sssp,2048,0.522700,0.001605,0.521095,-0.996929
sssp,2097152,10.615700,,,
sssp,262144,2.466800,0.003328,2.463472,-0.998651
sssp,2621440,12.856400,,,
sssp,3145728,15.527100,,,
sssp,32768,0.938400,0.001755,0.936645,-0.998130
sssp,4096,0.620600,0.001618,0.618982,-0.997393
sssp,4194304,20.313900,,,
sssp,524288,3.790400,0.004970,3.785430,-0.998689
sssp,65536,1.124900,0.001887,1.123013,-0.998323
sssp,786432,4.600300,0.007025,4.593275,-0.998473
sssp,8192,0.663700,0.001623,0.662077,-0.997555
stencil_kernel,104,0.124600,,,
stencil_kernel,112,0.152500,,,
stencil_kernel,120,0.140000,,,
stencil_kernel,128,0.156100,,,
stencil_kernel,136,0.242400,,,
stencil_kernel,144,0.202900,,,
stencil_kernel,152,0.331900,,,
stencil_kernel,16,0.023000,0.003772,0.019228,-0.836000
stencil_kernel,160,0.281700,,,
stencil_kernel,24,0.025200,0.004060,0.021140,-0.838889
stencil_kernel,32,0.026100,0.004092,0.022008,-0.843218
stencil_kernel,40,0.031600,0.005485,0.026115,-0.826424
stencil_kernel,48,0.041800,0.005343,0.036457,-0.872177
stencil_kernel,56,0.078900,0.008767,0.070133,-0.888885
stencil_kernel,64,0.121900,0.010037,0.111863,-0.917662
stencil_kernel,72,0.135500,0.013718,0.121782,-0.898760
stencil_kernel,80,0.148800,0.015651,0.133149,-0.894819
stencil_kernel,88,0.121100,,,
stencil_kernel,96,0.134400,,,
streamcluster_pgain,1024,0.036600,0.009549,0.027051,-0.739098
streamcluster_pgain,1048576,0.964900,,,
streamcluster_pgain,131072,0.075300,,,
streamcluster_pgain,1572864,1.471200,,,
streamcluster_pgain,16384,0.041000,0.015285,0.025715,-0.627195
streamcluster_pgain,196608,0.152400,,,
streamcluster_pgain,2048,0.024300,0.010996,0.013304,-0.547490
streamcluster_pgain,2097152,1.900400,,,
streamcluster_pgain,262144,0.214100,,,
streamcluster_pgain,32768,0.033100,0.017012,0.016088,-0.486042
streamcluster_pgain,393216,0.341700,,,
streamcluster_pgain,4096,0.025000,0.012618,0.012382,-0.495280
streamcluster_pgain,524288,0.477800,,,
streamcluster_pgain,65536,0.038500,0.041166,0.002666,0.069247
streamcluster_pgain,786432,0.746500,,,
streamcluster_pgain,8192,0.028700,0.017594,0.011106,-0.386969
syr2k,1024,0.731700,,,
syr2k,128,0.073300,0.019742,0.053558,-0.730668
syr2k,1280,1.113900,,,
syr2k,1536,1.670700,,,
syr2k,1792,2.103700,,,
syr2k,192,0.073300,0.029589,0.043711,-0.596330
syr2k,2048,2.744600,,,
syr2k,256,0.151300,,,
syr2k,2560,4.214200,,,
syr2k,3072,6.222900,,,
syr2k,3584,8.188600,,,
syr2k,384,0.218800,,,
syr2k,4096,10.601400,,,
syr2k,512,0.363000,,,
syr2k,64,0.073700,0.010104,0.063596,-0.862904
syr2k,640,0.363800,,,
syr2k,768,0.547800,,,
syr2k,896,0.653800,,,
syrk,1024,0.395800,,,
syrk,128,0.049600,0.008690,0.040910,-0.824798
syrk,1280,0.575600,,,
syrk,1536,0.848200,,,
syrk,1792,1.071600,,,
syrk,192,0.050100,0.012925,0.037175,-0.742016
syrk,2048,1.397100,,,
syrk,256,0.075500,0.033054,0.042446,-0.562199
syrk,2560,2.132100,,,
syrk,3072,3.138300,,,
syrk,3584,4.110800,,,
syrk,384,0.114200,,,
syrk,4096,5.338100,,,
syrk,512,0.189800,,,
syrk,64,0.050300,0.004652,0.045648,-0.907515
syrk,640,0.191400,,,
syrk,768,0.282800,,,
syrk,896,0.339300,,,
tiled_gemm_16,M10240_N768_K768_tile16,1.095200,,,
tiled_gemm_16,M1024_N768_K768_tile16,0.115000,,,
tiled_gemm_16,M12288_N768_K768_tile16,1.299500,,,
tiled_gemm_16,M128_N768_K768_tile16,0.030800,0.022395,0.008405,-0.272890
tiled_gemm_16,M16384_N768_K768_tile16,1.699400,,,
tiled_gemm_16,M1_N768_K768_tile16,0.027700,0.019657,0.008043,-0.290361
tiled_gemm_16,M20480_N768_K768_tile16,2.122600,,,
tiled_gemm_16,M2048_N768_K768_tile16,0.209900,,,
tiled_gemm_16,M24576_N768_K768_tile16,2.522200,,,
tiled_gemm_16,M256_N768_K768_tile16,0.041800,,,
tiled_gemm_16,M32768_N768_K768_tile16,3.325000,,,
tiled_gemm_16,M32_N768_K768_tile16,0.028900,0.020318,0.008582,-0.296955
tiled_gemm_16,M4096_N768_K768_tile16,0.443300,,,
tiled_gemm_16,M512_N768_K768_tile16,0.064900,,,
tiled_gemm_16,M6144_N768_K768_tile16,0.658400,,,
tiled_gemm_16,M64_N768_K768_tile16,0.029200,0.020434,0.008766,-0.300205
tiled_gemm_16,M8192_N768_K768_tile16,0.879800,,,
tiled_gemm_16,M8_N768_K768_tile16,0.028300,0.019789,0.008511,-0.300742
tpacf_dd,1024,0.829500,0.570111,0.259389,-0.312705
tpacf_dd,10240,47.475700,,,
tpacf_dd,12288,67.939900,,,
tpacf_dd,14336,92.127200,,,
tpacf_dd,16384,121.548400,,,
tpacf_dd,2048,2.212200,,,
tpacf_dd,20480,190.189500,,,
tpacf_dd,24576,274.855900,,,
tpacf_dd,256,0.189600,0.084764,0.104836,-0.552932
tpacf_dd,28672,373.089900,,,
tpacf_dd,3072,4.752200,,,
tpacf_dd,32768,485.927500,,,
tpacf_dd,4096,7.654000,,,
tpacf_dd,512,0.405800,0.208716,0.197084,-0.485668
tpacf_dd,5120,12.143900,,,
tpacf_dd,6144,17.538700,,,
tpacf_dd,7168,23.596900,,,
tpacf_dd,8192,30.672800,,,
tpacf_dr,1024,0.821800,,,
tpacf_dr,10240,47.484800,,,
tpacf_dr,12288,69.403100,,,
tpacf_dr,14336,95.104600,,,
tpacf_dr,16384,123.015000,,,
tpacf_dr,2048,2.179200,,,
tpacf_dr,20480,186.896100,,,
tpacf_dr,24576,270.391800,,,
tpacf_dr,256,0.188600,,,
tpacf_dr,28672,368.785400,,,
tpacf_dr,3072,4.698600,,,
tpacf_dr,32768,481.576100,,,
tpacf_dr,4096,7.683800,,,
tpacf_dr,512,0.383300,,,
tpacf_dr,5120,12.098400,,,
tpacf_dr,6144,17.501000,,,
tpacf_dr,7168,23.599300,,,
tpacf_dr,8192,30.602000,,,
tpacf_rr,1024,0.814600,,,
tpacf_rr,10240,48.951200,,,
tpacf_rr,12288,69.363300,,,
tpacf_rr,14336,92.138200,,,
tpacf_rr,16384,122.658900,,,
tpacf_rr,2048,2.175100,,,
tpacf_rr,20480,189.896800,,,
tpacf_rr,24576,272.519600,,,
tpacf_rr,256,0.188200,,,
tpacf_rr,28672,369.724400,,,
tpacf_rr,3072,4.689600,,,
tpacf_rr,32768,481.485700,,,
tpacf_rr,4096,7.667300,,,
tpacf_rr,512,0.379800,,,
tpacf_rr,5120,12.062100,,,
tpacf_rr,6144,17.512300,,,
tpacf_rr,7168,23.577100,,,
tpacf_rr,8192,30.682600,,,
triad,1024,0.004300,0.000580,0.003720,-0.865116
triad,1048576,0.006400,0.019862,0.013462,2.103438
triad,131072,0.005800,0.002778,0.003022,-0.521034
triad,134217728,0.784300,,,
triad,16384,0.004500,0.000695,0.003805,-0.845556
triad,16777216,0.051200,,,
triad,2048,0.004300,0.000580,0.003720,-0.865116
triad,2097152,0.010300,0.039300,0.029000,2.815534
triad,262144,0.004600,0.005205,0.000605,0.131522
triad,32768,0.004400,0.000960,0.003440,-0.781818
triad,33554432,0.109900,,,
triad,4096,0.004400,0.000590,0.003810,-0.865909
triad,4194304,0.016000,0.078227,0.062227,3.889188
triad,524288,0.005200,0.010092,0.004892,0.940769
triad,65536,0.004800,0.001565,0.003235,-0.673958
triad,67108864,0.270000,,,
triad,8192,0.004400,0.000604,0.003796,-0.862727
triad,8388608,0.028000,0.155661,0.127661,4.559321
