kernel,group,label,problem_size,numeric_size,hw_ms,sim_ms,hw_pred_ms,sim_pred_ms
2DConvolution,,2DConvolution,64x64,4096,0.004500,0.000677,0.004633,0.000539
2DConvolution,,2DConvolution,128x128,16384,0.004600,0.000686,0.004667,0.000688
2DConvolution,,2DConvolution,192x192,36864,0.004900,0.000952,0.004724,0.000936
2DConvolution,,2DConvolution,256x256,65536,0.004800,0.001201,0.004803,0.001283
2DConvolution,,2DConvolution,384x384,147456,0.004900,0.002211,0.005029,0.002276
2DConvolution,,2DConvolution,512x512,262144,0.005500,0.003613,0.005345,0.003666
2DConvolution,,2DConvolution,640x640,409600,0.005900,0.005452,0.005751,0.005452
2DConvolution,,2DConvolution,768x768,589824,0.006100,0.007683,0.006248,0.007636
2mm,,2mm,64,64,0.022400,0.007169,0.022450,0.006199
2mm,,2mm,128,128,0.039400,0.015143,0.039400,0.015898
2mm,,2mm,192,192,0.056500,0.024194,0.056350,0.025596
2mm,,2mm,256,256,0.073200,0.036482,0.073300,0.035295
3DConvolution,,3DConvolution,32x32x32,32,0.004700,0.000958,0.004517,0.000802
3DConvolution,,3DConvolution,48x48x48,48,0.005000,0.001833,0.005367,0.002146
3DConvolution,,3DConvolution,64x64x64,64,0.006400,0.003646,0.006217,0.003490
3mm,,3mm,64,64,0.038100,0.010441,0.038517,0.010188
3mm,,3mm,128,128,0.070800,0.020916,0.069967,0.021421
3mm,,3mm,192,192,0.101000,0.032907,0.101417,0.032654
BusSpeedDownload,,BusSpeedDownload,1KB,1,0.008900,0.000181,0.010683,0.000438
BusSpeedDownload,,BusSpeedDownload,2KB,2,0.008100,0.000203,0.010701,0.000457
BusSpeedDownload,,BusSpeedDownload,4KB,4,0.009400,0.000245,0.010736,0.000495
BusSpeedDownload,,BusSpeedDownload,8KB,8,0.009200,0.000328,0.010807,0.000571
BusSpeedDownload,,BusSpeedDownload,16KB,16,0.009200,0.000495,0.010949,0.000724
BusSpeedDownload,,BusSpeedDownload,32KB,32,0.011700,0.000830,0.011234,0.001030
BusSpeedDownload,,BusSpeedDownload,64KB,64,0.012200,0.001447,0.011802,0.001641
BusSpeedDownload,,BusSpeedDownload,128KB,128,0.012800,0.002665,0.012940,0.002864
BusSpeedDownload,,BusSpeedDownload,256KB,256,0.015800,0.005170,0.015214,0.005310
BusSpeedDownload,,BusSpeedDownload,512KB,512,0.021000,0.010113,0.019763,0.010201
BusSpeedDownload,,BusSpeedDownload,1024KB,1024,0.029600,0.020001,0.028862,0.019984
BusSpeedDownload,,BusSpeedDownload,2048KB,2048,0.047300,0.039843,0.047058,0.039548
BusSpeedDownload,,BusSpeedDownload,4096KB,4096,0.085900,0.079457,0.083451,0.078678
BusSpeedDownload,,BusSpeedDownload,8192KB,8192,0.159800,0.158092,0.156237,0.156938
BusSpeedDownload,,BusSpeedDownload,16384KB,16384,0.303400,0.313879,0.301809,0.313458
BusSpeedDownload,,BusSpeedDownload,32768KB,32768,0.590900,0.625886,0.592953,0.626497
BusSpeedReadback,,BusSpeedReadback,1KB,1,0.009900,0.000181,0.012871,0.000438
BusSpeedReadback,,BusSpeedReadback,2KB,2,0.007600,0.000203,0.012889,0.000457
BusSpeedReadback,,BusSpeedReadback,4KB,4,0.007500,0.000245,0.012925,0.000495
BusSpeedReadback,,BusSpeedReadback,8KB,8,0.006700,0.000328,0.012997,0.000571
BusSpeedReadback,,BusSpeedReadback,16KB,16,0.011700,0.000495,0.013140,0.000724
BusSpeedReadback,,BusSpeedReadback,32KB,32,0.014200,0.000830,0.013428,0.001030
BusSpeedReadback,,BusSpeedReadback,64KB,64,0.015100,0.001447,0.014003,0.001641
BusSpeedReadback,,BusSpeedReadback,128KB,128,0.016200,0.002665,0.015152,0.002864
BusSpeedReadback,,BusSpeedReadback,256KB,256,0.019600,0.005170,0.017452,0.005310
BusSpeedReadback,,BusSpeedReadback,512KB,512,0.021800,0.010113,0.022050,0.010201
BusSpeedReadback,,BusSpeedReadback,1024KB,1024,0.035400,0.020001,0.031248,0.019984
BusSpeedReadback,,BusSpeedReadback,2048KB,2048,0.051800,0.039843,0.049643,0.039548
BusSpeedReadback,,BusSpeedReadback,4096KB,4096,0.094800,0.079457,0.086432,0.078678
BusSpeedReadback,,BusSpeedReadback,8192KB,8192,0.163200,0.158092,0.160012,0.156938
BusSpeedReadback,,BusSpeedReadback,16384KB,16384,0.308900,0.313879,0.307171,0.313458
BusSpeedReadback,,BusSpeedReadback,32768KB,32768,0.598500,0.625886,0.601489,0.626497
ComputeQ,,ComputeQ,256,256,0.076500,0.023659,0.076836,0.025508
ComputeQ,,ComputeQ,512,512,0.076300,0.025607,0.076843,0.025607
ComputeQ,,ComputeQ,1024,1024,0.077200,0.026057,0.076856,0.025804
ComputeQ,,ComputeQ,2048,2048,0.076900,0.025687,0.076882,0.026198
ComputeQ,,ComputeQ,4096,4096,0.077300,0.026944,0.076934,0.026986
ComputeQ,,ComputeQ,8192,8192,0.077200,0.031108,0.077038,0.028563
ComputeQ,,ComputeQ,16384,16384,0.077400,0.032111,0.077247,0.031717
ComputeQ,,ComputeQ,32768,32768,0.077500,0.037236,0.077664,0.038025
DeviceMemory_Read,,DeviceMemory_Read,1MB,1,0.005500,0.003964,0.005229,0.040582
DeviceMemory_Read,,DeviceMemory_Read,2MB,2,0.005400,0.349409,0.005807,0.294482
DeviceMemory_Read,,DeviceMemory_Read,4MB,4,0.007100,0.783973,0.006964,0.802282
DeviceMemory_Write,,DeviceMemory_Write,1MB,1,0.005400,0.001972,0.005787,0.002070
DeviceMemory_Write,,DeviceMemory_Write,2MB,2,0.005900,0.003631,0.006304,0.003690
DeviceMemory_Write,,DeviceMemory_Write,4MB,4,0.007400,0.006910,0.007339,0.006931
DeviceMemory_Write,,DeviceMemory_Write,8MB,8,0.009800,0.013452,0.009410,0.013413
DeviceMemory_Write,,DeviceMemory_Write,12MB,12,0.011400,0.019985,0.011480,0.019895
DeviceMemory_Write,,DeviceMemory_Write,16MB,16,0.013900,0.026455,0.013550,0.026377
DeviceMemory_Write,,DeviceMemory_Write,24MB,24,0.018000,0.039378,0.017690,0.039341
DeviceMemory_Write,,DeviceMemory_Write,32MB,32,0.022000,0.052308,0.021830,0.052304
DeviceMemory_Write,,DeviceMemory_Write,48MB,48,0.029700,0.078162,0.030110,0.078232
MaxFlops,,MaxFlops,512,512,0.012600,0.005084,0.012108,0.004596
MaxFlops,,MaxFlops,1024,1024,0.013100,0.005084,0.012127,0.004608
MaxFlops,,MaxFlops,2048,2048,0.013300,0.005086,0.012165,0.004630
MaxFlops,,MaxFlops,4096,4096,0.013200,0.005087,0.012240,0.004675
MaxFlops,,MaxFlops,8192,8192,0.013100,0.005097,0.012391,0.004764
MaxFlops,,MaxFlops,16384,16384,0.012900,0.005102,0.012693,0.004943
MaxFlops,,MaxFlops,32768,32768,0.013000,0.005199,0.013297,0.005300
MaxFlops,,MaxFlops,65536,65536,0.013500,0.005414,0.014504,0.006015
MaxFlops,,MaxFlops,131072,131072,0.013100,0.006126,0.016919,0.007444
MaxFlops,,MaxFlops,262144,262144,0.020900,0.008903,0.021749,0.010302
MaxFlops,,MaxFlops,524288,524288,0.032900,0.017113,0.031409,0.016019
adjust_weights,,adjust_weights,256,256,0.007600,0.000556,0.005653,0.000581
adjust_weights,,adjust_weights,512,512,0.004700,0.000640,0.005683,0.000634
adjust_weights,,adjust_weights,1024,1024,0.005800,0.000739,0.005743,0.000738
adjust_weights,,adjust_weights,2048,2048,0.005800,0.000927,0.005863,0.000948
adjust_weights,,adjust_weights,4096,4096,0.005600,0.001336,0.006102,0.001367
adjust_weights,,adjust_weights,8192,8192,0.006200,0.002160,0.006581,0.002206
adjust_weights,,adjust_weights,16384,16384,0.007200,0.003847,0.007538,0.003884
adjust_weights,,adjust_weights,32768,32768,0.010200,0.007224,0.009453,0.007239
adjust_weights,,adjust_weights,65536,65536,0.012800,0.013989,0.013283,0.013949
adjust_weights,,adjust_weights,131072,131072,0.020800,0.027631,0.020942,0.027368
adjust_weights,,adjust_weights,262144,262144,0.036400,0.054073,0.036261,0.054208
atax,,atax,64x64,4096,0.029300,0.008966,0.060162,0.029679
atax,,atax,128x128,16384,0.049900,0.025938,0.069884,0.035622
atax,,atax,192x192,36864,0.074300,0.050093,0.086087,0.045528
atax,,atax,256x256,65536,0.145700,0.075230,0.108772,0.059395
atax,,atax,384x384,147456,0.217300,0.111248,0.173585,0.099017
atax,,atax,512x512,262144,0.268400,0.167042,0.264323,0.154487
atax,,atax,640x640,409600,0.358900,0.211018,0.380986,0.225806
bfs,,bfs,131072,131072,0.816050,0.004192,0.827249,0.003966
bfs,,bfs,196608,196608,0.892100,0.004352,0.874292,0.004750
bfs,,bfs,262144,262144,0.941000,0.005708,0.921334,0.005534
bfs,,bfs,524288,524288,1.058100,0.008651,1.109503,0.008669
bfs,,bfs,786432,786432,1.322800,0.011819,1.297672,0.011804
bicg,,bicg,64x64,4096,0.024500,0.009539,0.054294,0.034061
bicg,,bicg,128x128,16384,0.046300,0.027125,0.063479,0.040130
bicg,,bicg,192x192,36864,0.066400,0.051744,0.078787,0.050245
bicg,,bicg,256x256,65536,0.132900,0.084774,0.100218,0.064406
bicg,,bicg,384x384,147456,0.198900,0.127175,0.161451,0.104866
bicg,,bicg,512x512,262144,0.263400,0.172654,0.247176,0.161510
bicg,,bicg,640x640,409600,0.330400,0.216546,0.357394,0.234338
branch_div_50pct,,branch_div_50pct,1024,1024,0.066000,0.002932,0.093851,0.002651
branch_div_50pct,,branch_div_50pct,2048,2048,0.057400,0.002932,0.094278,0.002665
branch_div_50pct,,branch_div_50pct,4096,4096,0.067100,0.002932,0.095131,0.002693
branch_div_50pct,,branch_div_50pct,8192,8192,0.071900,0.002937,0.096837,0.002748
branch_div_50pct,,branch_div_50pct,16384,16384,0.072100,0.002943,0.100249,0.002859
branch_div_50pct,,branch_div_50pct,32768,32768,0.102000,0.003045,0.107074,0.003081
branch_div_50pct,,branch_div_50pct,65536,65536,0.132200,0.003247,0.120723,0.003524
branch_div_50pct,,branch_div_50pct,131072,131072,0.213800,0.003784,0.148022,0.004411
branch_div_50pct,,branch_div_50pct,262144,262144,0.381700,0.005575,0.202620,0.006186
branch_div_50pct,,branch_div_50pct,524288,524288,0.206400,0.010224,0.311815,0.009734
bs,,bs,512,512,0.004500,0.001031,0.004614,-0.013048
bs,,bs,1024,1024,0.004600,0.001028,0.004618,-0.012848
bs,,bs,2048,2048,0.004700,0.001029,0.004625,-0.012447
bs,,bs,4096,4096,0.004600,0.001041,0.004639,-0.011644
bs,,bs,8192,8192,0.004700,0.001085,0.004667,-0.010040
bs,,bs,16384,16384,0.004500,0.001240,0.004723,-0.006830
bs,,bs,32768,32768,0.004800,0.001605,0.004835,-0.000412
bs,,bs,65536,65536,0.005400,0.002372,0.005060,0.012425
bs,,bs,131072,131072,0.005600,0.004391,0.005509,0.038099
bs,,bs,262144,262144,0.006300,0.008437,0.006407,0.089448
bs,,bs,524288,524288,0.008200,0.241589,0.008203,0.192145
correlation,,correlation,64x64,4096,0.054100,0.009927,0.088962,0.014992
correlation,,correlation,128x128,16384,0.124800,0.019528,0.116768,0.019237
correlation,,correlation,192x192,36864,0.183000,0.029310,0.163111,0.026314
correlation,,correlation,256x256,65536,0.249300,0.040573,0.227992,0.036220
correlation,,correlation,384x384,147456,0.399000,0.061950,0.413366,0.064525
covariance,,covariance,64x64,4096,0.044200,0.006678,0.073286,0.010133
covariance,,covariance,128x128,16384,0.103200,0.013745,0.098165,0.013434
covariance,,covariance,192x192,36864,0.153500,0.020996,0.139630,0.018934
covariance,,covariance,256x256,65536,0.221800,0.029398,0.197680,0.026634
covariance,,covariance,384x384,147456,0.349600,0.046951,0.363539,0.048634
ep,,ep,512,512,0.006200,0.002136,0.019774,0.003819
ep,,ep,1024,1024,0.022700,0.004390,0.019792,0.003827
ep,,ep,2048,2048,0.022700,0.004395,0.019828,0.003842
ep,,ep,4096,4096,0.021300,0.004395,0.019899,0.003874
ep,,ep,8192,8192,0.024000,0.004399,0.020042,0.003936
ep,,ep,16384,16384,0.023200,0.004420,0.020328,0.004062
ep,,ep,32768,32768,0.023000,0.004547,0.020900,0.004313
ep,,ep,65536,65536,0.022400,0.004762,0.022044,0.004815
ep,,ep,131072,131072,0.024400,0.005259,0.024331,0.005818
ep,,ep,262144,262144,0.023700,0.006814,0.028906,0.007825
ep,,ep,524288,524288,0.040300,0.012453,0.038056,0.011840
fdtd2d,,fdtd2d,64,64,0.073600,0.012041,0.059310,0.010026
fdtd2d,,fdtd2d,128,128,0.083200,0.012397,0.073951,0.011908
fdtd2d,,fdtd2d,192,192,0.079000,0.012515,0.088592,0.013790
fdtd2d,,fdtd2d,256,256,0.088300,0.014076,0.103233,0.015672
fdtd2d,,fdtd2d,384,384,0.108600,0.017299,0.132516,0.019436
fdtd2d,,fdtd2d,512,512,0.186700,0.025706,0.161798,0.023201
ga,,ga,32,32,1.322300,0.291911,1.482546,0.395591
ga,,ga,64,64,1.441900,0.317614,1.484110,0.402318
ga,,ga,128,128,1.348900,0.360850,1.487238,0.415773
ga,,ga,256,256,1.926000,0.541044,1.493494,0.442682
ga,,ga,512,512,1.474000,0.619009,1.506006,0.496500
ga,,ga,1024,1024,1.478800,0.719453,1.531030,0.604137
ga,,ga,2048,2048,1.573600,0.726529,1.581078,0.819410
gaussian,,gaussian,32,32,0.443000,0.031825,0.409337,0.030216
gaussian,,gaussian,48,48,0.678000,0.058337,0.672169,0.057273
gaussian,,gaussian,64,64,0.913000,0.081449,0.935001,0.084331
gaussian,,gaussian,96,96,1.389100,0.136724,1.460665,0.138446
gaussian,,gaussian,128,128,2.040400,0.194493,1.986328,0.192561
gemm,,gemm,32,32,0.008300,0.001966,0.008626,0.001032
gemm,,gemm,48,48,0.010600,0.002802,0.010625,0.002250
gemm,,gemm,64,64,0.012350,0.003613,0.012624,0.003468
gemm,,gemm,96,96,0.017200,0.005251,0.016622,0.005904
gemm,,gemm,128,128,0.020600,0.007565,0.020620,0.008340
gemm,,gemm,192,192,0.028650,0.012107,0.028616,0.013211
gemm,,gemm,256,256,0.036950,0.018374,0.036612,0.018083
gemm,,gemm,384,384,0.052300,0.028436,0.052604,0.027827
gesummv,,gesummv,64,64,0.012000,0.009636,-0.001586,-0.003561
gesummv,,gesummv,128,128,0.034200,0.031722,0.034081,0.037904
gesummv,,gesummv,192,192,0.039500,0.070722,0.069749,0.079369
gesummv,,gesummv,256,256,0.117600,0.125373,0.105417,0.120834
gesummv,,gesummv,384,384,0.180100,0.188658,0.176752,0.203764
gesummv,,gesummv,512,512,0.249100,0.298893,0.248087,0.286694
global_bw_copy,,global_bw_copy,1048576,1048576,0.004500,0.003588,0.004928,0.003660
global_bw_copy,,global_bw_copy,2097152,2097152,0.005200,0.006862,0.005457,0.006900
global_bw_copy,,global_bw_copy,4194304,4194304,0.006300,0.013373,0.006516,0.013382
global_bw_copy,,global_bw_copy,8388608,8388608,0.008800,0.026382,0.008634,0.026345
global_bw_copy,,global_bw_copy,12582912,12582912,0.011200,0.039405,0.010751,0.039307
global_bw_copy,,global_bw_copy,16777216,16777216,0.013700,0.052329,0.012869,0.052270
global_bw_copy,,global_bw_copy,25165824,25165824,0.017200,0.078174,0.017105,0.078196
global_bw_copy,,global_bw_copy,33554432,33554432,0.020700,0.104068,0.021340,0.104121
gridding_kernel,,gridding_kernel,256,256,0.018400,0.013651,0.017154,0.013601
gridding_kernel,,gridding_kernel,512,512,0.018800,0.013467,0.017382,0.013624
gridding_kernel,,gridding_kernel,1024,1024,0.019000,0.014452,0.017838,0.013669
gridding_kernel,,gridding_kernel,2048,2048,0.019300,0.013992,0.018751,0.013761
gridding_kernel,,gridding_kernel,4096,4096,0.024300,0.014041,0.020576,0.013944
gridding_kernel,,gridding_kernel,8192,8192,0.022500,0.014634,0.024225,0.014310
gridding_kernel,,gridding_kernel,16384,16384,0.026600,0.014405,0.031525,0.015042
gridding_kernel,,gridding_kernel,32768,32768,0.040900,0.014935,0.046125,0.016506
gridding_kernel,,gridding_kernel,65536,65536,0.079100,0.020313,0.075325,0.019433
hist,,hist,512,512,0.006300,0.001037,0.011509,0.002325
hist,,hist,1024,1024,0.006300,0.001155,0.011510,0.002328
hist,,hist,2048,2048,0.006300,0.001293,0.011512,0.002334
hist,,hist,4096,4096,0.006600,0.001685,0.011515,0.002347
hist,,hist,8192,8192,0.007200,0.002478,0.011523,0.002373
hist,,hist,16384,16384,0.007200,0.002720,0.011538,0.002424
hist,,hist,32768,32768,0.007700,0.002642,0.011567,0.002526
hist,,hist,65536,65536,0.009700,0.003064,0.011627,0.002729
hist,,hist,131072,131072,0.013400,0.002346,0.011745,0.003137
hist,,hist,262144,262144,0.020500,0.004868,0.011983,0.003952
hist,,hist,524288,524288,0.020500,0.005807,0.012457,0.005582
hist,,hist,1048576,1048576,0.020800,0.011560,0.013407,0.008842
hist,,hist,2097152,2097152,0.021200,0.015703,0.015306,0.015363
hist,,hist,4194304,4194304,0.024600,0.027980,0.019105,0.028404
hist,,hist,8388608,8388608,0.028600,0.055388,0.026702,0.054486
hist,,hist,16777216,16777216,0.038000,0.106077,0.041895,0.106651
histogram,,histogram,1024,1024,0.006700,0.001124,0.006607,0.001434
histogram,,histogram,2048,2048,0.006900,0.001279,0.006952,0.001457
histogram,,histogram,4096,4096,0.007400,0.001635,0.007642,0.001503
histogram,,histogram,8192,8192,0.009300,0.002288,0.009021,0.001595
histogram,,histogram,16384,16384,0.011700,0.001442,0.011779,0.001780
hotspot,,hotspot,32,32,0.057900,0.004655,0.055629,0.003305
hotspot,,hotspot,48,48,0.090800,0.004816,0.061657,0.003611
hotspot,,hotspot,64,64,0.062000,0.004852,0.067684,0.003916
hotspot,,hotspot,96,96,0.067700,0.004704,0.079740,0.004528
hotspot,,hotspot,128,128,0.070100,0.004799,0.091795,0.005140
hotspot,,hotspot,192,192,0.086200,0.004778,0.115905,0.006364
hotspot,,hotspot,256,256,0.118200,0.005862,0.140016,0.007587
hotspot,,hotspot,384,384,0.221400,0.007946,0.188237,0.010034
hotspot,,hotspot,512,512,0.357500,0.011803,0.236458,0.012482
hotspot,,hotspot,640,640,0.190000,0.017681,0.284679,0.014929
hotspot3D,,hotspot3D,8,8,0.093700,0.016299,0.058473,0.016490
hotspot3D,,hotspot3D,16,16,0.116100,0.033050,0.130222,0.033266
hotspot3D,,hotspot3D,24,24,0.177300,0.049230,0.201970,0.050043
hotspot3D,,hotspot3D,32,32,0.250900,0.068947,0.273719,0.066819
hotspot3D,,hotspot3D,48,48,0.443600,0.099463,0.417216,0.100372
huffman,,huffman,1024,1024,0.097200,0.001511,0.100969,0.001709
huffman,,huffman,2048,2048,0.099100,0.001648,0.101325,0.001735
huffman,,huffman,4096,4096,0.098200,0.001990,0.102039,0.001787
huffman,,huffman,8192,8192,0.102500,0.002673,0.103465,0.001890
huffman,,huffman,16384,16384,0.098800,0.001928,0.106318,0.002097
huffman,,huffman,32768,32768,0.115100,0.002111,0.112025,0.002511
huffman,,huffman,65536,65536,0.115000,0.002516,0.123438,0.003339
huffman,,huffman,131072,131072,0.168600,0.004559,0.146264,0.004996
huffman,,huffman,262144,262144,0.195800,0.008736,0.191915,0.008308
huffman,,huffman,524288,524288,0.284500,0.016319,0.283218,0.014932
huffman,,huffman,1048576,1048576,0.462000,0.027496,0.465825,0.028182
l1_cache_bw,,l1_cache_bw,1024,1024,0.120200,0.007345,0.122484,0.007314
l1_cache_bw,,l1_cache_bw,2048,2048,0.120300,0.007347,0.122511,0.007320
l1_cache_bw,,l1_cache_bw,3072,3072,0.120800,0.007347,0.122539,0.007326
l1_cache_bw,,l1_cache_bw,4096,4096,0.121700,0.007348,0.122567,0.007332
l1_cache_bw,,l1_cache_bw,6144,6144,0.121500,0.007351,0.122622,0.007344
l1_cache_bw,,l1_cache_bw,8192,8192,0.122600,0.007358,0.122678,0.007356
l1_cache_bw,,l1_cache_bw,10240,10240,0.122000,0.007359,0.122733,0.007368
l1_cache_bw,,l1_cache_bw,12288,12288,0.121400,0.007361,0.122789,0.007380
l1_cache_bw,,l1_cache_bw,14336,14336,0.122600,0.007361,0.122845,0.007392
l1_cache_bw,,l1_cache_bw,16384,16384,0.138000,0.007362,0.122900,0.007403
l1_cache_bw,,l1_cache_bw,20480,20480,0.122800,0.007448,0.123011,0.007427
l1_cache_bw,,l1_cache_bw,24576,24576,0.122700,0.007452,0.123122,0.007451
l1_cache_bw,,l1_cache_bw,28672,28672,0.122500,0.007456,0.123233,0.007475
l1_cache_bw,,l1_cache_bw,32768,32768,0.122500,0.007462,0.123344,0.007499
l1_cache_bw,,l1_cache_bw,49152,49152,0.123000,0.007563,0.123788,0.007594
l1_cache_bw,,l1_cache_bw,65536,65536,0.122800,0.007749,0.124233,0.007689
l2_cache_bw,,l2_cache_bw,32768,32768,0.092900,0.010086,0.092941,0.009728
l2_cache_bw,,l2_cache_bw,65536,65536,0.092800,0.009638,0.092935,0.009746
l2_cache_bw,,l2_cache_bw,131072,131072,0.093200,0.009632,0.092921,0.009783
l2_cache_bw,,l2_cache_bw,196608,196608,0.092900,0.009193,0.092908,0.009819
l2_cache_bw,,l2_cache_bw,262144,262144,0.092800,0.010382,0.092895,0.009855
layerforward,,layerforward,256,256,0.025500,0.010369,0.023899,0.006373
layerforward,,layerforward,512,512,0.043500,0.019413,0.043640,0.024553
layerforward,,layerforward,1024,1024,0.083800,0.051562,0.083120,0.060913
layerforward,,layerforward,2048,2048,0.162200,0.142567,0.162082,0.133632
layerforward,,layerforward,4096,4096,0.315800,0.283926,0.320006,0.279070
layerforward,,layerforward,8192,8192,0.637800,0.566649,0.635853,0.569946
lbm_stream_collide,,lbm_stream_collide,16,16,0.110500,0.006877,0.125833,0.002074
lbm_stream_collide,,lbm_stream_collide,20,20,0.136900,0.007226,0.143525,0.005466
lbm_stream_collide,,lbm_stream_collide,24,24,0.166500,0.008102,0.161218,0.008857
lbm_stream_collide,,lbm_stream_collide,28,28,0.178900,0.009804,0.178911,0.012249
lbm_stream_collide,,lbm_stream_collide,32,32,0.238400,0.012289,0.196604,0.015641
lbm_stream_collide,,lbm_stream_collide,36,36,0.239800,0.015761,0.214296,0.019033
lbm_stream_collide,,lbm_stream_collide,40,40,0.229500,0.020353,0.231989,0.022424
lbm_stream_collide,,lbm_stream_collide,44,44,0.200000,0.024316,0.249682,0.025816
lbm_stream_collide,,lbm_stream_collide,48,48,0.217300,0.030917,0.267375,0.029208
lbm_stream_collide,,lbm_stream_collide,52,52,0.336700,0.037722,0.285067,0.032599
lud,,lud,64,64,0.204300,0.094043,0.224085,0.090181
lud,,lud,128,128,0.473700,0.219983,0.499367,0.219669
lud,,lud,192,192,0.766200,0.349423,0.774648,0.349157
lud,,lud,256,256,1.056500,0.477629,1.049930,0.478645
lud,,lud,384,384,1.639400,0.733737,1.600493,0.737620
lud,,lud,512,512,2.274800,0.987848,2.151057,0.996596
lud,,lud,640,640,2.586300,1.264778,2.701620,1.255572
md,,md,128,128,0.020400,0.014037,0.019463,0.031413
md,,md,256,256,0.035900,0.027485,0.035502,0.032231
md,,md,512,512,0.067300,0.036683,0.067581,0.033868
md,,md,1024,1024,0.130700,0.046289,0.131737,0.037140
md,,md,2048,2048,0.260000,0.054290,0.260049,0.043684
md,,md,4096,4096,0.516700,0.060419,0.516674,0.056773
md,,md,6144,6144,0.773100,0.065301,0.773298,0.069862
md,,md,8192,8192,1.030000,0.088262,1.029923,0.082951
md,,md,12288,12288,1.543300,0.104287,1.543173,0.109129
md5hash,,md5hash,512,512,0.012400,0.007265,0.012397,0.006724
md5hash,,md5hash,1024,1024,0.012500,0.007262,0.012403,0.006781
md5hash,,md5hash,2048,2048,0.012600,0.007264,0.012414,0.006895
md5hash,,md5hash,4096,4096,0.012600,0.007261,0.012438,0.007123
md5hash,,md5hash,8192,8192,0.012600,0.007274,0.012484,0.007578
md5hash,,md5hash,16384,16384,0.012400,0.008006,0.012578,0.008489
md5hash,,md5hash,32768,32768,0.012600,0.009623,0.012764,0.010310
md5hash,,md5hash,65536,65536,0.012600,0.013373,0.013138,0.013953
md5hash,,md5hash,131072,131072,0.014200,0.021763,0.013884,0.021238
mem_latency_chase,,mem_latency_chase,256,256,0.078400,0.017676,0.120318,0.057768
mem_latency_chase,,mem_latency_chase,512,512,0.081100,0.017900,0.120326,0.057772
mem_latency_chase,,mem_latency_chase,1024,1024,0.082000,0.018362,0.120342,0.057781
mem_latency_chase,,mem_latency_chase,2048,2048,0.082700,0.018570,0.120374,0.057798
mem_latency_chase,,mem_latency_chase,4096,4096,0.084800,0.018578,0.120438,0.057833
mem_latency_chase,,mem_latency_chase,8192,8192,0.086900,0.018569,0.120566,0.057902
mem_latency_chase,,mem_latency_chase,16384,16384,0.135700,0.085434,0.120821,0.058041
mem_latency_chase,,mem_latency_chase,32768,32768,0.140500,0.087767,0.121333,0.058318
mem_latency_chase,,mem_latency_chase,65536,65536,0.145300,0.089233,0.122355,0.058872
mem_latency_chase,,mem_latency_chase,131072,131072,0.144900,0.090983,0.124400,0.059981
mem_latency_chase,,mem_latency_chase,262144,262144,0.145700,0.093704,0.128489,0.062199
mem_latency_chase,,mem_latency_chase,524288,524288,0.148400,0.102488,0.136668,0.066634
mem_latency_chase,,mem_latency_chase,1048576,1048576,0.147800,0.109504,0.153025,0.075505
mem_latency_chase,,mem_latency_chase,2097152,2097152,0.311200,0.119927,0.185741,0.093247
mem_latency_chase,,mem_latency_chase,4194304,4194304,0.315800,0.140565,0.251171,0.128730
mem_latency_chase,,mem_latency_chase,8388608,8388608,0.317200,0.178820,0.382033,0.199697
mvt,,mvt,64,64,0.020100,0.008556,0.017262,0.006113
mvt,,mvt,128,128,0.039900,0.021166,0.041924,0.026217
mvt,,mvt,192,192,0.056700,0.042809,0.066585,0.046321
mvt,,mvt,256,256,0.097200,0.072573,0.091247,0.066425
mvt,,mvt,384,384,0.147100,0.108729,0.140570,0.106633
mvt,,mvt,512,512,0.188900,0.145712,0.189894,0.146841
mvt,,mvt,640,640,0.236800,0.186056,0.239217,0.187049
nn,,nn,1024,1024,0.004300,0.000617,0.004681,0.000474
nn,,nn,2048,2048,0.004400,0.000620,0.004683,0.000493
nn,,nn,4096,4096,0.005200,0.000622,0.004687,0.000531
nn,,nn,8192,8192,0.005100,0.000634,0.004694,0.000606
nn,,nn,16384,16384,0.004900,0.000723,0.004709,0.000757
nn,,nn,32768,32768,0.004600,0.000960,0.004739,0.001060
nn,,nn,65536,65536,0.004600,0.001565,0.004799,0.001664
nn,,nn,131072,131072,0.005000,0.002778,0.004919,0.002873
nn,,nn,262144,262144,0.005000,0.005207,0.005158,0.005291
nn,,nn,524288,524288,0.005500,0.010091,0.005636,0.010127
nn,,nn,1048576,1048576,0.006700,0.019858,0.006593,0.019798
nw,,nw,64,64,0.128400,0.039246,0.144515,0.026583
nw,,nw,128,128,0.261300,0.079012,0.257766,0.073881
nw,,nw,192,192,0.378400,0.119549,0.371017,0.121180
nw,,nw,256,256,0.513300,0.161424,0.484269,0.168479
nw,,nw,512,512,0.908500,0.342959,0.937273,0.357673
nw,,nw,768,768,1.384800,0.537316,1.390277,0.546868
nw,,nw,1024,1024,1.853700,0.751220,1.843282,0.736062
occupancy_fma,,occupancy_fma,1024,1024,0.033500,0.005843,0.033170,0.005349
occupancy_fma,,occupancy_fma,2048,2048,0.033500,0.005842,0.033218,0.005381
occupancy_fma,,occupancy_fma,4096,4096,0.033600,0.005845,0.033314,0.005444
occupancy_fma,,occupancy_fma,8192,8192,0.033800,0.005846,0.033506,0.005572
occupancy_fma,,occupancy_fma,16384,16384,0.036700,0.005856,0.033889,0.005827
occupancy_fma,,occupancy_fma,32768,32768,0.033700,0.005955,0.034656,0.006337
occupancy_fma,,occupancy_fma,65536,65536,0.034000,0.006147,0.036191,0.007357
occupancy_fma,,occupancy_fma,131072,131072,0.036600,0.008607,0.039259,0.009397
occupancy_fma,,occupancy_fma,262144,262144,0.047200,0.014200,0.045396,0.013477
particlefilter,,particlefilter,256,256,0.861100,0.100614,0.879758,0.116836
particlefilter,,particlefilter,512,512,1.199200,0.178289,1.222577,0.191386
particlefilter,,particlefilter,1024,1024,1.896000,0.334471,1.908213,0.340486
particlefilter,,particlefilter,2048,2048,3.305600,0.642610,3.279486,0.638686
particlefilter,,particlefilter,4096,4096,6.069600,1.250777,6.022032,1.235086
particlefilter,,particlefilter,8192,8192,11.495000,2.466070,11.507124,2.427886
particlefilter,,particlefilter,16384,16384,22.470000,4.791020,22.477309,4.813487
pathfinder,,pathfinder,1024,1024,0.303500,0.042586,0.424488,0.040632
pathfinder,,pathfinder,2048,2048,0.685900,0.042449,0.422212,0.041141
pathfinder,,pathfinder,4096,4096,0.346800,0.043126,0.417662,0.042157
pathfinder,,pathfinder,8192,8192,0.391000,0.043805,0.408562,0.044190
pathfinder,,pathfinder,16384,16384,0.349200,0.044532,0.390361,0.048256
pathfinder,,pathfinder,32768,32768,0.306600,0.054449,0.353959,0.056387
pathfinder,,pathfinder,65536,65536,0.315400,0.074467,0.281156,0.072651
qtc,,qtc,64,64,0.011800,0.004971,0.006807,0.005101
qtc,,qtc,128,128,0.018600,0.009368,0.017252,0.009511
qtc,,qtc,192,192,0.024600,0.013766,0.027697,0.013920
qtc,,qtc,256,256,0.042000,0.018266,0.038142,0.018330
qtc,,qtc,384,384,0.060700,0.026954,0.059033,0.027149
qtc,,qtc,512,512,0.078300,0.035974,0.079923,0.035969
qtc,,qtc,768,768,0.118700,0.053362,0.121704,0.053607
qtc,,qtc,1024,1024,0.155700,0.072942,0.163485,0.071246
qtc,,qtc,1536,1536,0.242900,0.106183,0.247047,0.106523
qtc,,qtc,2048,2048,0.338400,0.141371,0.330609,0.141801
reduction,,reduction,512,512,0.007100,0.001068,0.009264,0.001838
reduction,,reduction,1024,1024,0.007600,0.001902,0.009267,0.001842
reduction,,reduction,2048,2048,0.007400,0.001899,0.009272,0.001849
reduction,,reduction,4096,4096,0.007800,0.001902,0.009283,0.001863
reduction,,reduction,8192,8192,0.008900,0.001901,0.009304,0.001890
reduction,,reduction,16384,16384,0.007200,0.001903,0.009347,0.001946
reduction,,reduction,32768,32768,0.007700,0.001912,0.009432,0.002056
reduction,,reduction,65536,65536,0.009100,0.002112,0.009602,0.002277
reduction,,reduction,131072,131072,0.008400,0.002553,0.009943,0.002719
reduction,,reduction,262144,262144,0.007500,0.003434,0.010625,0.003604
reduction,,reduction,524288,524288,0.022200,0.005902,0.011989,0.005373
reduction,,reduction,1048576,1048576,0.022800,0.009625,0.014717,0.008911
reduction,,reduction,2097152,2097152,0.022900,0.016546,0.020173,0.015986
reduction,,reduction,4194304,4194304,0.026700,0.029632,0.031084,0.030137
s3d,,s3d,512,512,0.018100,0.027566,0.017101,0.037959
s3d,,s3d,1024,1024,0.018400,0.034516,0.017211,0.038066
s3d,,s3d,2048,2048,0.018700,0.039988,0.017432,0.038278
s3d,,s3d,4096,4096,0.018300,0.042596,0.017872,0.038703
s3d,,s3d,8192,8192,0.020300,0.043347,0.018753,0.039554
s3d,,s3d,16384,16384,0.018700,0.044540,0.020515,0.041254
s3d,,s3d,32768,32768,0.020500,0.046720,0.024040,0.044655
s3d,,s3d,65536,65536,0.029000,0.052338,0.031089,0.051458
s3d,,s3d,131072,131072,0.047200,0.063378,0.045187,0.065062
scan,,scan,1024,1024,0.023700,0.004428,0.023531,0.004092
scan,,scan,2048,2048,0.024000,0.004408,0.023562,0.004107
scan,,scan,4096,4096,0.023800,0.004410,0.023625,0.004137
scan,,scan,8192,8192,0.025400,0.004409,0.023749,0.004196
scan,,scan,16384,16384,0.024400,0.004436,0.023999,0.004315
scan,,scan,32768,32768,0.025100,0.004578,0.024498,0.004553
scan,,scan,65536,65536,0.025700,0.004777,0.025496,0.005028
scan,,scan,131072,131072,0.025900,0.005317,0.027491,0.005980
scan,,scan,262144,262144,0.026800,0.006804,0.031483,0.007882
scan,,scan,524288,524288,0.042100,0.012409,0.039466,0.011686
sgemm_tiled,,sgemm_tiled,64,64,0.006300,0.002315,0.004679,0.000397
sgemm_tiled,,sgemm_tiled,128,128,0.008200,0.003976,0.007829,0.003515
sgemm_tiled,,sgemm_tiled,192,192,0.010200,0.005885,0.010979,0.006634
sgemm_tiled,,sgemm_tiled,256,256,0.012900,0.008039,0.014129,0.009752
sgemm_tiled,,sgemm_tiled,320,320,0.015100,0.009994,0.017279,0.012870
sgemm_tiled,,sgemm_tiled,384,384,0.020000,0.016060,0.020429,0.015989
sgemm_tiled,,sgemm_tiled,448,448,0.026200,0.021994,0.023579,0.019107
spmv_csr,,spmv_csr,1024,1024,0.007800,0.001130,-0.008805,0.000845
spmv_csr,,spmv_csr,2048,2048,0.007400,0.001133,-0.008401,0.000902
spmv_csr,,spmv_csr,4096,4096,0.008800,0.001141,-0.007595,0.001015
spmv_csr,,spmv_csr,8192,8192,0.009100,0.001306,-0.005983,0.001242
spmv_csr,,spmv_csr,16384,16384,0.009300,0.001635,-0.002758,0.001695
spmv_csr,,spmv_csr,32768,32768,0.009600,0.002443,0.003692,0.002602
spmv_csr,,spmv_csr,65536,65536,0.012800,0.004292,0.016592,0.004416
spmv_csr,,spmv_csr,131072,131072,0.021100,0.007766,0.042392,0.008043
spmv_csr,,spmv_csr,262144,262144,0.042300,0.015040,0.093991,0.015298
spmv_csr,,spmv_csr,524288,524288,0.156600,0.029930,0.197189,0.029807
spmv_csr,,spmv_csr,1048576,1048576,0.439100,0.058876,0.403586,0.058826
srad,,srad,64,64,0.231100,0.009884,0.208997,0.003586
srad,,srad,128,128,0.245400,0.012206,0.255162,0.011258
srad,,srad,192,192,0.282100,0.012308,0.301327,0.018930
srad,,srad,256,256,0.340600,0.018893,0.347492,0.026601
srad,,srad,384,384,0.453600,0.049029,0.439822,0.041945
stencil_kernel,,stencil_kernel,16,16,0.023000,0.003772,-0.001222,0.001770
stencil_kernel,,stencil_kernel,24,24,0.025200,0.004060,0.016661,0.003297
stencil_kernel,,stencil_kernel,32,32,0.026100,0.004092,0.034544,0.004825
stencil_kernel,,stencil_kernel,40,40,0.031600,0.005485,0.052428,0.006353
stencil_kernel,,stencil_kernel,48,48,0.041800,0.005343,0.070311,0.007881
stencil_kernel,,stencil_kernel,56,56,0.078900,0.008767,0.088194,0.009408
stencil_kernel,,stencil_kernel,64,64,0.121900,0.010037,0.106078,0.010936
stencil_kernel,,stencil_kernel,72,72,0.135500,0.013718,0.123961,0.012464
stencil_kernel,,stencil_kernel,80,80,0.148800,0.015651,0.141844,0.013991
streamcluster_pgain,,streamcluster_pgain,1024,1024,0.036600,0.009549,0.029894,0.010183
streamcluster_pgain,,streamcluster_pgain,2048,2048,0.024300,0.010996,0.030044,0.010624
streamcluster_pgain,,streamcluster_pgain,4096,4096,0.025000,0.012618,0.030343,0.011507
streamcluster_pgain,,streamcluster_pgain,8192,8192,0.028700,0.017594,0.030941,0.013271
streamcluster_pgain,,streamcluster_pgain,16384,16384,0.041000,0.015285,0.032137,0.016800
streamcluster_pgain,,streamcluster_pgain,32768,32768,0.033100,0.017012,0.034529,0.023859
streamcluster_pgain,,streamcluster_pgain,65536,65536,0.038500,0.041166,0.039313,0.037975
syr2k,,syr2k,64,64,0.073700,0.010104,0.073633,0.010069
syr2k,,syr2k,128,128,0.073300,0.019742,0.073433,0.019812
syr2k,,syr2k,192,192,0.073300,0.029589,0.073233,0.029554
syrk,,syrk,64,64,0.050300,0.004652,0.044960,0.001414
syrk,,syrk,128,128,0.049600,0.008690,0.052570,0.010358
syrk,,syrk,192,192,0.050100,0.012925,0.060180,0.019302
syrk,,syrk,256,256,0.075500,0.033054,0.067790,0.028246
tpacf_DD,,tpacf_DD,256,256,0.189600,0.084199,0.190843,0.070133
tpacf_DD,,tpacf_DD,512,512,0.405800,0.210621,0.403936,0.231721
tpacf_DD,,tpacf_DD,1024,1024,0.829500,0.561930,0.830121,0.554897
triad,,triad,1024,1024,0.004300,0.000580,0.004311,0.000456
triad,,triad,2048,2048,0.004300,0.000580,0.004314,0.000475
triad,,triad,4096,4096,0.004400,0.000590,0.004320,0.000513
triad,,triad,8192,8192,0.004400,0.000604,0.004331,0.000589
triad,,triad,16384,16384,0.004500,0.000695,0.004354,0.000741
triad,,triad,32768,32768,0.004400,0.000960,0.004400,0.001044
triad,,triad,65536,65536,0.004800,0.001565,0.004492,0.001651
triad,,triad,131072,131072,0.005800,0.002778,0.004676,0.002864
triad,,triad,262144,262144,0.004600,0.005205,0.005044,0.005290
triad,,triad,524288,524288,0.005200,0.010092,0.005780,0.010143
triad,,triad,1048576,1048576,0.006400,0.019862,0.007251,0.019850
triad,,triad,2097152,2097152,0.010300,0.039300,0.010194,0.039262
triad,,triad,4194304,4194304,0.016000,0.078227,0.016080,0.078086
triad,,triad,8388608,8388608,0.028000,0.155661,0.027851,0.155734
