profile_type,suite,benchmark,param_json,ground_truth_cycle,simulation_cycle
ncu,microbench,emptykernel,"{""block"":""1024"",""thread"":""1024""}",5442,4247
ncu,microbench,emptykernel,"{""block"":""1024"",""thread"":""256""}",5055,3191
ncu,microbench,emptykernel,"{""block"":""1024"",""thread"":""288""}",5046,3192
ncu,microbench,emptykernel,"{""block"":""1024"",""thread"":""320""}",5041,3193
ncu,microbench,emptykernel,"{""block"":""1024"",""thread"":""352""}",5028,3194
ncu,microbench,emptykernel,"{""block"":""1024"",""thread"":""384""}",4992,3195
ncu,microbench,emptykernel,"{""block"":""1024"",""thread"":""416""}",5033,3199
ncu,microbench,emptykernel,"{""block"":""1024"",""thread"":""448""}",5052,3203
ncu,microbench,emptykernel,"{""block"":""1024"",""thread"":""480""}",5072,3207
ncu,microbench,emptykernel,"{""block"":""1024"",""thread"":""512""}",5043,3211
ncu,microbench,emptykernel,"{""block"":""1024"",""thread"":""544""}",5044,3564
ncu,microbench,emptykernel,"{""block"":""1024"",""thread"":""576""}",4999,3565
ncu,microbench,emptykernel,"{""block"":""1024"",""thread"":""608""}",5029,3566
ncu,microbench,emptykernel,"{""block"":""1024"",""thread"":""640""}",5123,3567
ncu,microbench,emptykernel,"{""block"":""1024"",""thread"":""672""}",5053,3568
ncu,microbench,emptykernel,"{""block"":""1024"",""thread"":""704""}",5443,4229
ncu,microbench,emptykernel,"{""block"":""1024"",""thread"":""736""}",5412,4230
ncu,microbench,emptykernel,"{""block"":""1024"",""thread"":""768""}",5400,4231
ncu,microbench,emptykernel,"{""block"":""1024"",""thread"":""800""}",5443,4233
ncu,microbench,emptykernel,"{""block"":""1024"",""thread"":""832""}",5470,4235
ncu,microbench,emptykernel,"{""block"":""1024"",""thread"":""864""}",5526,4237
ncu,microbench,emptykernel,"{""block"":""1024"",""thread"":""896""}",5456,4239
ncu,microbench,emptykernel,"{""block"":""1024"",""thread"":""928""}",5530,4241
ncu,microbench,emptykernel,"{""block"":""1024"",""thread"":""960""}",5554,4243
ncu,microbench,emptykernel,"{""block"":""1024"",""thread"":""992""}",5528,4245
ncu,microbench,emptykernel,"{""block"":""16384"",""thread"":""1024""}",28173,36503
ncu,microbench,emptykernel,"{""block"":""16384"",""thread"":""256""}",21062,20087
ncu,microbench,emptykernel,"{""block"":""16384"",""thread"":""288""}",21044,20088
ncu,microbench,emptykernel,"{""block"":""16384"",""thread"":""320""}",21414,20089
ncu,microbench,emptykernel,"{""block"":""16384"",""thread"":""352""}",20771,20090
ncu,microbench,emptykernel,"{""block"":""16384"",""thread"":""384""}",21056,20091
ncu,microbench,emptykernel,"{""block"":""16384"",""thread"":""416""}",21149,20095
ncu,microbench,emptykernel,"{""block"":""16384"",""thread"":""448""}",21009,20099
ncu,microbench,emptykernel,"{""block"":""16384"",""thread"":""480""}",21045,20103
ncu,microbench,emptykernel,"{""block"":""16384"",""thread"":""512""}",20783,20107
ncu,microbench,emptykernel,"{""block"":""16384"",""thread"":""544""}",21049,25580
ncu,microbench,emptykernel,"{""block"":""16384"",""thread"":""576""}",21045,25581
ncu,microbench,emptykernel,"{""block"":""16384"",""thread"":""608""}",21048,25582
ncu,microbench,emptykernel,"{""block"":""16384"",""thread"":""640""}",21452,25583
ncu,microbench,emptykernel,"{""block"":""16384"",""thread"":""672""}",21064,25584
ncu,microbench,emptykernel,"{""block"":""16384"",""thread"":""704""}",26486,36485
ncu,microbench,emptykernel,"{""block"":""16384"",""thread"":""736""}",26774,36486
ncu,microbench,emptykernel,"{""block"":""16384"",""thread"":""768""}",27030,36487
ncu,microbench,emptykernel,"{""block"":""16384"",""thread"":""800""}",27189,36489
ncu,microbench,emptykernel,"{""block"":""16384"",""thread"":""832""}",27560,36491
ncu,microbench,emptykernel,"{""block"":""16384"",""thread"":""864""}",27531,36493
ncu,microbench,emptykernel,"{""block"":""16384"",""thread"":""896""}",27704,36495
ncu,microbench,emptykernel,"{""block"":""16384"",""thread"":""928""}",27806,36497
ncu,microbench,emptykernel,"{""block"":""16384"",""thread"":""960""}",27938,36499
ncu,microbench,emptykernel,"{""block"":""16384"",""thread"":""992""}",27898,36501
ncu,microbench,emptykernel,"{""block"":""2048"",""thread"":""1024""}",7048,6397
ncu,microbench,emptykernel,"{""block"":""2048"",""thread"":""256""}",6135,4317
ncu,microbench,emptykernel,"{""block"":""2048"",""thread"":""288""}",6114,4318
ncu,microbench,emptykernel,"{""block"":""2048"",""thread"":""320""}",6088,4319
ncu,microbench,emptykernel,"{""block"":""2048"",""thread"":""352""}",6102,4320
ncu,microbench,emptykernel,"{""block"":""2048"",""thread"":""384""}",6053,4321
ncu,microbench,emptykernel,"{""block"":""2048"",""thread"":""416""}",6093,4325
ncu,microbench,emptykernel,"{""block"":""2048"",""thread"":""448""}",6086,4329
ncu,microbench,emptykernel,"{""block"":""2048"",""thread"":""480""}",6177,4333
ncu,microbench,emptykernel,"{""block"":""2048"",""thread"":""512""}",6096,4337
ncu,microbench,emptykernel,"{""block"":""2048"",""thread"":""544""}",6135,5030
ncu,microbench,emptykernel,"{""block"":""2048"",""thread"":""576""}",6109,5031
ncu,microbench,emptykernel,"{""block"":""2048"",""thread"":""608""}",6158,5032
ncu,microbench,emptykernel,"{""block"":""2048"",""thread"":""640""}",6142,5033
ncu,microbench,emptykernel,"{""block"":""2048"",""thread"":""672""}",6116,5034
ncu,microbench,emptykernel,"{""block"":""2048"",""thread"":""704""}",6792,6379
ncu,microbench,emptykernel,"{""block"":""2048"",""thread"":""736""}",6836,6380
ncu,microbench,emptykernel,"{""block"":""2048"",""thread"":""768""}",6840,6381
ncu,microbench,emptykernel,"{""block"":""2048"",""thread"":""800""}",7013,6383
ncu,microbench,emptykernel,"{""block"":""2048"",""thread"":""832""}",6921,6385
ncu,microbench,emptykernel,"{""block"":""2048"",""thread"":""864""}",6940,6387
ncu,microbench,emptykernel,"{""block"":""2048"",""thread"":""896""}",6985,6389
ncu,microbench,emptykernel,"{""block"":""2048"",""thread"":""928""}",6997,6391
ncu,microbench,emptykernel,"{""block"":""2048"",""thread"":""960""}",7054,6393
ncu,microbench,emptykernel,"{""block"":""2048"",""thread"":""992""}",7049,6395
ncu,microbench,emptykernel,"{""block"":""32768"",""thread"":""1024""}",52507,70909
ncu,microbench,emptykernel,"{""block"":""32768"",""thread"":""256""}",38134,38109
ncu,microbench,emptykernel,"{""block"":""32768"",""thread"":""288""}",38135,38110
ncu,microbench,emptykernel,"{""block"":""32768"",""thread"":""320""}",38121,38111
ncu,microbench,emptykernel,"{""block"":""32768"",""thread"":""352""}",37583,38112
ncu,microbench,emptykernel,"{""block"":""32768"",""thread"":""384""}",38098,38113
ncu,microbench,emptykernel,"{""block"":""32768"",""thread"":""416""}",38121,38117
ncu,microbench,emptykernel,"{""block"":""32768"",""thread"":""448""}",38101,38121
ncu,microbench,emptykernel,"{""block"":""32768"",""thread"":""480""}",38851,38125
ncu,microbench,emptykernel,"{""block"":""32768"",""thread"":""512""}",37599,38129
ncu,microbench,emptykernel,"{""block"":""32768"",""thread"":""544""}",38175,49062
ncu,microbench,emptykernel,"{""block"":""32768"",""thread"":""576""}",38138,49063
ncu,microbench,emptykernel,"{""block"":""32768"",""thread"":""608""}",38140,49064
ncu,microbench,emptykernel,"{""block"":""32768"",""thread"":""640""}",38319,49065
ncu,microbench,emptykernel,"{""block"":""32768"",""thread"":""672""}",38127,49066
ncu,microbench,emptykernel,"{""block"":""32768"",""thread"":""704""}",48922,70891
ncu,microbench,emptykernel,"{""block"":""32768"",""thread"":""736""}",49808,70892
ncu,microbench,emptykernel,"{""block"":""32768"",""thread"":""768""}",50115,70893
ncu,microbench,emptykernel,"{""block"":""32768"",""thread"":""800""}",50338,70895
ncu,microbench,emptykernel,"{""block"":""32768"",""thread"":""832""}",50741,70897
ncu,microbench,emptykernel,"{""block"":""32768"",""thread"":""864""}",51201,70899
ncu,microbench,emptykernel,"{""block"":""32768"",""thread"":""896""}",51399,70901
ncu,microbench,emptykernel,"{""block"":""32768"",""thread"":""928""}",52122,70903
ncu,microbench,emptykernel,"{""block"":""32768"",""thread"":""960""}",51893,70905
ncu,microbench,emptykernel,"{""block"":""32768"",""thread"":""992""}",51946,70907
ncu,microbench,emptykernel,"{""block"":""4096"",""thread"":""1024""}",10034,10698
ncu,microbench,emptykernel,"{""block"":""4096"",""thread"":""256""}",8314,6570
ncu,microbench,emptykernel,"{""block"":""4096"",""thread"":""288""}",8242,6571
ncu,microbench,emptykernel,"{""block"":""4096"",""thread"":""320""}",8306,6572
ncu,microbench,emptykernel,"{""block"":""4096"",""thread"":""352""}",8132,6573
ncu,microbench,emptykernel,"{""block"":""4096"",""thread"":""384""}",8371,6574
ncu,microbench,emptykernel,"{""block"":""4096"",""thread"":""416""}",8220,6578
ncu,microbench,emptykernel,"{""block"":""4096"",""thread"":""448""}",8211,6582
ncu,microbench,emptykernel,"{""block"":""4096"",""thread"":""480""}",8219,6586
ncu,microbench,emptykernel,"{""block"":""4096"",""thread"":""512""}",8118,6590
ncu,microbench,emptykernel,"{""block"":""4096"",""thread"":""544""}",8288,7967
ncu,microbench,emptykernel,"{""block"":""4096"",""thread"":""576""}",8231,7968
ncu,microbench,emptykernel,"{""block"":""4096"",""thread"":""608""}",8238,7969
ncu,microbench,emptykernel,"{""block"":""4096"",""thread"":""640""}",8246,7970
ncu,microbench,emptykernel,"{""block"":""4096"",""thread"":""672""}",8213,7971
ncu,microbench,emptykernel,"{""block"":""4096"",""thread"":""704""}",9547,10680
ncu,microbench,emptykernel,"{""block"":""4096"",""thread"":""736""}",9697,10681
ncu,microbench,emptykernel,"{""block"":""4096"",""thread"":""768""}",9710,10682
ncu,microbench,emptykernel,"{""block"":""4096"",""thread"":""800""}",9759,10684
ncu,microbench,emptykernel,"{""block"":""4096"",""thread"":""832""}",9806,10686
ncu,microbench,emptykernel,"{""block"":""4096"",""thread"":""864""}",9876,10688
ncu,microbench,emptykernel,"{""block"":""4096"",""thread"":""896""}",9949,10690
ncu,microbench,emptykernel,"{""block"":""4096"",""thread"":""928""}",9984,10692
ncu,microbench,emptykernel,"{""block"":""4096"",""thread"":""960""}",10128,10694
ncu,microbench,emptykernel,"{""block"":""4096"",""thread"":""992""}",10170,10696
ncu,microbench,emptykernel,"{""block"":""65536"",""thread"":""1024""}",101918,139722
ncu,microbench,emptykernel,"{""block"":""65536"",""thread"":""256""}",73720,74154
ncu,microbench,emptykernel,"{""block"":""65536"",""thread"":""288""}",72279,74155
ncu,microbench,emptykernel,"{""block"":""65536"",""thread"":""320""}",72269,74156
ncu,microbench,emptykernel,"{""block"":""65536"",""thread"":""352""}",71313,74157
ncu,microbench,emptykernel,"{""block"":""65536"",""thread"":""384""}",73610,74158
ncu,microbench,emptykernel,"{""block"":""65536"",""thread"":""416""}",72265,74162
ncu,microbench,emptykernel,"{""block"":""65536"",""thread"":""448""}",72254,74166
ncu,microbench,emptykernel,"{""block"":""65536"",""thread"":""480""}",72267,74170
ncu,microbench,emptykernel,"{""block"":""65536"",""thread"":""512""}",72302,74174
ncu,microbench,emptykernel,"{""block"":""65536"",""thread"":""544""}",72286,96031
ncu,microbench,emptykernel,"{""block"":""65536"",""thread"":""576""}",72298,96032
ncu,microbench,emptykernel,"{""block"":""65536"",""thread"":""608""}",72292,96033
ncu,microbench,emptykernel,"{""block"":""65536"",""thread"":""640""}",72252,96034
ncu,microbench,emptykernel,"{""block"":""65536"",""thread"":""672""}",72269,96035
ncu,microbench,emptykernel,"{""block"":""65536"",""thread"":""704""}",94466,139704
ncu,microbench,emptykernel,"{""block"":""65536"",""thread"":""736""}",94568,139705
ncu,microbench,emptykernel,"{""block"":""65536"",""thread"":""768""}",96247,139706
ncu,microbench,emptykernel,"{""block"":""65536"",""thread"":""800""}",96667,139708
ncu,microbench,emptykernel,"{""block"":""65536"",""thread"":""832""}",97520,139710
ncu,microbench,emptykernel,"{""block"":""65536"",""thread"":""864""}",98205,139712
ncu,microbench,emptykernel,"{""block"":""65536"",""thread"":""896""}",98738,139714
ncu,microbench,emptykernel,"{""block"":""65536"",""thread"":""928""}",99237,139716
ncu,microbench,emptykernel,"{""block"":""65536"",""thread"":""960""}",99779,139718
ncu,microbench,emptykernel,"{""block"":""65536"",""thread"":""992""}",100591,139720
ncu,microbench,emptykernel,"{""block"":""8192"",""thread"":""1024""}",16100,19300
ncu,microbench,emptykernel,"{""block"":""8192"",""thread"":""256""}",12503,11076
ncu,microbench,emptykernel,"{""block"":""8192"",""thread"":""288""}",12592,11077
ncu,microbench,emptykernel,"{""block"":""8192"",""thread"":""320""}",12490,11078
ncu,microbench,emptykernel,"{""block"":""8192"",""thread"":""352""}",12338,11079
ncu,microbench,emptykernel,"{""block"":""8192"",""thread"":""384""}",12509,11080
ncu,microbench,emptykernel,"{""block"":""8192"",""thread"":""416""}",12515,11084
ncu,microbench,emptykernel,"{""block"":""8192"",""thread"":""448""}",12488,11088
ncu,microbench,emptykernel,"{""block"":""8192"",""thread"":""480""}",12479,11092
ncu,microbench,emptykernel,"{""block"":""8192"",""thread"":""512""}",12337,11096
ncu,microbench,emptykernel,"{""block"":""8192"",""thread"":""544""}",12533,13837
ncu,microbench,emptykernel,"{""block"":""8192"",""thread"":""576""}",12531,13838
ncu,microbench,emptykernel,"{""block"":""8192"",""thread"":""608""}",12513,13839
ncu,microbench,emptykernel,"{""block"":""8192"",""thread"":""640""}",12522,13840
ncu,microbench,emptykernel,"{""block"":""8192"",""thread"":""672""}",12522,13841
ncu,microbench,emptykernel,"{""block"":""8192"",""thread"":""704""}",15236,19282
ncu,microbench,emptykernel,"{""block"":""8192"",""thread"":""736""}",15456,19283
ncu,microbench,emptykernel,"{""block"":""8192"",""thread"":""768""}",15562,19284
ncu,microbench,emptykernel,"{""block"":""8192"",""thread"":""800""}",15612,19286
ncu,microbench,emptykernel,"{""block"":""8192"",""thread"":""832""}",15682,19288
ncu,microbench,emptykernel,"{""block"":""8192"",""thread"":""864""}",15753,19290
ncu,microbench,emptykernel,"{""block"":""8192"",""thread"":""896""}",15859,19292
ncu,microbench,emptykernel,"{""block"":""8192"",""thread"":""928""}",15927,19294
ncu,microbench,emptykernel,"{""block"":""8192"",""thread"":""960""}",16142,19296
ncu,microbench,emptykernel,"{""block"":""8192"",""thread"":""992""}",16017,19298
ncu,microbench,ffmakernel,"{""block"":""1"",""iters"":""10"",""thread"":""128""}",9574,7243
ncu,microbench,ffmakernel,"{""block"":""1"",""iters"":""10"",""thread"":""32""}",9576,7240
ncu,microbench,ffmakernel,"{""block"":""1"",""iters"":""10"",""thread"":""64""}",9595,7241
ncu,microbench,ffmakernel,"{""block"":""1"",""iters"":""20"",""thread"":""128""}",14822,12443
ncu,microbench,ffmakernel,"{""block"":""1"",""iters"":""20"",""thread"":""32""}",14781,12440
ncu,microbench,ffmakernel,"{""block"":""1"",""iters"":""20"",""thread"":""64""}",14829,12441
ncu,microbench,ffmakernel,"{""block"":""1"",""iters"":""30"",""thread"":""128""}",20086,17643
ncu,microbench,ffmakernel,"{""block"":""1"",""iters"":""30"",""thread"":""32""}",20028,17640
ncu,microbench,ffmakernel,"{""block"":""1"",""iters"":""30"",""thread"":""64""}",20057,17641
ncu,microbench,ffmakernel,"{""block"":""1"",""iters"":""40"",""thread"":""128""}",25351,22843
ncu,microbench,ffmakernel,"{""block"":""1"",""iters"":""40"",""thread"":""32""}",25446,22840
ncu,microbench,ffmakernel,"{""block"":""1"",""iters"":""40"",""thread"":""64""}",25307,22841
ncu,microbench,ffmakernel,"{""block"":""2"",""iters"":""10"",""thread"":""128""}",9430,7256
ncu,microbench,ffmakernel,"{""block"":""2"",""iters"":""10"",""thread"":""32""}",9417,7252
ncu,microbench,ffmakernel,"{""block"":""2"",""iters"":""10"",""thread"":""64""}",9464,7253
ncu,microbench,ffmakernel,"{""block"":""2"",""iters"":""20"",""thread"":""128""}",14697,12456
ncu,microbench,ffmakernel,"{""block"":""2"",""iters"":""20"",""thread"":""32""}",14748,12452
ncu,microbench,ffmakernel,"{""block"":""2"",""iters"":""20"",""thread"":""64""}",14675,12453
ncu,microbench,ffmakernel,"{""block"":""2"",""iters"":""30"",""thread"":""128""}",19930,17656
ncu,microbench,ffmakernel,"{""block"":""2"",""iters"":""30"",""thread"":""32""}",19948,17652
ncu,microbench,ffmakernel,"{""block"":""2"",""iters"":""30"",""thread"":""64""}",20009,17653
ncu,microbench,ffmakernel,"{""block"":""2"",""iters"":""40"",""thread"":""128""}",25233,22856
ncu,microbench,ffmakernel,"{""block"":""2"",""iters"":""40"",""thread"":""32""}",25186,22852
ncu,microbench,ffmakernel,"{""block"":""2"",""iters"":""40"",""thread"":""64""}",25336,22853
ncu,microbench,ffmakernel,"{""block"":""3"",""iters"":""10"",""thread"":""128""}",9636,7341
ncu,microbench,ffmakernel,"{""block"":""3"",""iters"":""10"",""thread"":""32""}",9515,7264
ncu,microbench,ffmakernel,"{""block"":""3"",""iters"":""10"",""thread"":""64""}",9509,7266
ncu,microbench,ffmakernel,"{""block"":""3"",""iters"":""20"",""thread"":""128""}",14738,12621
ncu,microbench,ffmakernel,"{""block"":""3"",""iters"":""20"",""thread"":""32""}",14729,12464
ncu,microbench,ffmakernel,"{""block"":""3"",""iters"":""20"",""thread"":""64""}",14808,12466
ncu,microbench,ffmakernel,"{""block"":""3"",""iters"":""30"",""thread"":""128""}",19940,17901
ncu,microbench,ffmakernel,"{""block"":""3"",""iters"":""30"",""thread"":""32""}",19984,17664
ncu,microbench,ffmakernel,"{""block"":""3"",""iters"":""30"",""thread"":""64""}",19970,17666
ncu,microbench,ffmakernel,"{""block"":""3"",""iters"":""40"",""thread"":""128""}",25250,23181
ncu,microbench,ffmakernel,"{""block"":""3"",""iters"":""40"",""thread"":""32""}",25234,22864
ncu,microbench,ffmakernel,"{""block"":""3"",""iters"":""40"",""thread"":""64""}",25248,22866
ncu,microbench,ffmakernel,"{""block"":""100"",""iters"":""10"",""thread"":""128""}",9586,7459
ncu,microbench,ffmakernel,"{""block"":""100"",""iters"":""10"",""thread"":""32""}",9536,7381
ncu,microbench,ffmakernel,"{""block"":""100"",""iters"":""10"",""thread"":""64""}",9550,7383
ncu,microbench,ffmakernel,"{""block"":""100"",""iters"":""20"",""thread"":""128""}",14753,12739
ncu,microbench,ffmakernel,"{""block"":""100"",""iters"":""20"",""thread"":""32""}",14768,12581
ncu,microbench,ffmakernel,"{""block"":""100"",""iters"":""20"",""thread"":""64""}",14774,12583
ncu,microbench,ffmakernel,"{""block"":""100"",""iters"":""30"",""thread"":""128""}",20003,18019
ncu,microbench,ffmakernel,"{""block"":""100"",""iters"":""30"",""thread"":""32""}",20011,17781
ncu,microbench,ffmakernel,"{""block"":""100"",""iters"":""30"",""thread"":""64""}",20019,17783
ncu,microbench,ffmakernel,"{""block"":""100"",""iters"":""40"",""thread"":""128""}",25225,23299
ncu,microbench,ffmakernel,"{""block"":""100"",""iters"":""40"",""thread"":""32""}",25311,22981
ncu,microbench,ffmakernel,"{""block"":""100"",""iters"":""40"",""thread"":""64""}",25259,22983
ncu,microbench,ffmakernel,"{""block"":""200"",""iters"":""10"",""thread"":""128""}",9597,7569
ncu,microbench,ffmakernel,"{""block"":""200"",""iters"":""10"",""thread"":""32""}",9622,7491
ncu,microbench,ffmakernel,"{""block"":""200"",""iters"":""10"",""thread"":""64""}",9659,7493
ncu,microbench,ffmakernel,"{""block"":""200"",""iters"":""20"",""thread"":""128""}",15070,12849
ncu,microbench,ffmakernel,"{""block"":""200"",""iters"":""20"",""thread"":""32""}",14862,12691
ncu,microbench,ffmakernel,"{""block"":""200"",""iters"":""20"",""thread"":""64""}",14905,12693
ncu,microbench,ffmakernel,"{""block"":""200"",""iters"":""30"",""thread"":""128""}",20493,18129
ncu,microbench,ffmakernel,"{""block"":""200"",""iters"":""30"",""thread"":""32""}",20096,17891
ncu,microbench,ffmakernel,"{""block"":""200"",""iters"":""30"",""thread"":""64""}",20138,17893
ncu,microbench,ffmakernel,"{""block"":""200"",""iters"":""40"",""thread"":""128""}",25559,23409
ncu,microbench,ffmakernel,"{""block"":""200"",""iters"":""40"",""thread"":""32""}",25342,23091
ncu,microbench,ffmakernel,"{""block"":""200"",""iters"":""40"",""thread"":""64""}",25375,23093
ncu,microbench,ffmakernel,"{""block"":""300"",""iters"":""10"",""thread"":""128""}",9770,7679
ncu,microbench,ffmakernel,"{""block"":""300"",""iters"":""10"",""thread"":""32""}",9668,7601
ncu,microbench,ffmakernel,"{""block"":""300"",""iters"":""10"",""thread"":""64""}",9724,7603
ncu,microbench,ffmakernel,"{""block"":""300"",""iters"":""20"",""thread"":""128""}",15060,12959
ncu,microbench,ffmakernel,"{""block"":""300"",""iters"":""20"",""thread"":""32""}",14939,12801
ncu,microbench,ffmakernel,"{""block"":""300"",""iters"":""20"",""thread"":""64""}",14994,12803
ncu,microbench,ffmakernel,"{""block"":""300"",""iters"":""30"",""thread"":""128""}",20312,18239
ncu,microbench,ffmakernel,"{""block"":""300"",""iters"":""30"",""thread"":""32""}",20161,18001
ncu,microbench,ffmakernel,"{""block"":""300"",""iters"":""30"",""thread"":""64""}",20378,18003
ncu,microbench,ffmakernel,"{""block"":""300"",""iters"":""40"",""thread"":""128""}",25737,23519
ncu,microbench,ffmakernel,"{""block"":""300"",""iters"":""40"",""thread"":""32""}",25543,23201
ncu,microbench,ffmakernel,"{""block"":""300"",""iters"":""40"",""thread"":""64""}",25506,23203
ncu,microbench,ffmakernel,"{""block"":""1000"",""iters"":""1"",""thread"":""1024""}",14411,12948
ncu,microbench,ffmakernel,"{""block"":""1000"",""iters"":""10"",""thread"":""128""}",19672,18231
ncu,microbench,ffmakernel,"{""block"":""1000"",""iters"":""20"",""thread"":""128""}",35033,34071
ncu,microbench,ffmakernel,"{""block"":""1200"",""iters"":""1"",""thread"":""1024""}",16707,15046
ncu,microbench,ffmakernel,"{""block"":""1200"",""iters"":""10"",""thread"":""128""}",20488,18451
ncu,microbench,ffmakernel,"{""block"":""1200"",""iters"":""20"",""thread"":""128""}",36636,34291
ncu,microbench,ffmakernel,"{""block"":""1400"",""iters"":""1"",""thread"":""1024""}",18806,17144
ncu,microbench,ffmakernel,"{""block"":""1400"",""iters"":""10"",""thread"":""128""}",24775,23562
ncu,microbench,ffmakernel,"{""block"":""1400"",""iters"":""20"",""thread"":""128""}",45094,44682
ncu,microbench,ffmakernel,"{""block"":""1600"",""iters"":""1"",""thread"":""1024""}",21042,19242
ncu,microbench,ffmakernel,"{""block"":""1600"",""iters"":""10"",""thread"":""128""}",25848,23782
ncu,microbench,ffmakernel,"{""block"":""1600"",""iters"":""20"",""thread"":""128""}",47265,44902
ncu,microbench,ffmakernel,"{""block"":""1800"",""iters"":""1"",""thread"":""1024""}",22404,19662
ncu,microbench,ffmakernel,"{""block"":""1800"",""iters"":""10"",""thread"":""128""}",26233,24002
ncu,microbench,ffmakernel,"{""block"":""1800"",""iters"":""20"",""thread"":""128""}",48058,45122
ncu,microbench,ffmakernel,"{""block"":""200"",""iters"":""1"",""thread"":""1024""}",6536,4556
ncu,microbench,ffmakernel,"{""block"":""200"",""iters"":""10"",""thread"":""128""}",9593,7569
ncu,microbench,ffmakernel,"{""block"":""200"",""iters"":""20"",""thread"":""128""}",14867,12849
ncu,microbench,ffmakernel,"{""block"":""2000"",""iters"":""1"",""thread"":""1024""}",24575,21760
ncu,microbench,ffmakernel,"{""block"":""2000"",""iters"":""10"",""thread"":""128""}",31478,29113
ncu,microbench,ffmakernel,"{""block"":""2000"",""iters"":""20"",""thread"":""128""}",57902,55513
ncu,microbench,ffmakernel,"{""block"":""2200"",""iters"":""1"",""thread"":""1024""}",26695,23858
ncu,microbench,ffmakernel,"{""block"":""2200"",""iters"":""10"",""thread"":""128""}",31649,29333
ncu,microbench,ffmakernel,"{""block"":""2200"",""iters"":""20"",""thread"":""128""}",58761,55733
ncu,microbench,ffmakernel,"{""block"":""2400"",""iters"":""1"",""thread"":""1024""}",28907,25956
ncu,microbench,ffmakernel,"{""block"":""2400"",""iters"":""10"",""thread"":""128""}",35930,34444
ncu,microbench,ffmakernel,"{""block"":""2400"",""iters"":""20"",""thread"":""128""}",67583,66124
ncu,microbench,ffmakernel,"{""block"":""2600"",""iters"":""1"",""thread"":""1024""}",30291,28054
ncu,microbench,ffmakernel,"{""block"":""2600"",""iters"":""10"",""thread"":""128""}",36965,34664
ncu,microbench,ffmakernel,"{""block"":""2600"",""iters"":""20"",""thread"":""128""}",68751,66344
ncu,microbench,ffmakernel,"{""block"":""2800"",""iters"":""1"",""thread"":""1024""}",32629,30152
ncu,microbench,ffmakernel,"{""block"":""2800"",""iters"":""10"",""thread"":""128""}",40312,39775
ncu,microbench,ffmakernel,"{""block"":""2800"",""iters"":""20"",""thread"":""128""}",75966,76735
ncu,microbench,ffmakernel,"{""block"":""3000"",""iters"":""1"",""thread"":""1024""}",34625,32250
ncu,microbench,ffmakernel,"{""block"":""3000"",""iters"":""10"",""thread"":""128""}",41865,39995
ncu,microbench,ffmakernel,"{""block"":""3000"",""iters"":""20"",""thread"":""128""}",79390,76955
ncu,microbench,ffmakernel,"{""block"":""3200"",""iters"":""1"",""thread"":""1024""}",37038,34348
ncu,microbench,ffmakernel,"{""block"":""3200"",""iters"":""10"",""thread"":""128""}",45198,45106
ncu,microbench,ffmakernel,"{""block"":""3200"",""iters"":""20"",""thread"":""128""}",86106,87346
ncu,microbench,ffmakernel,"{""block"":""3400"",""iters"":""1"",""thread"":""1024""}",38208,34768
ncu,microbench,ffmakernel,"{""block"":""3400"",""iters"":""10"",""thread"":""128""}",46909,45326
ncu,microbench,ffmakernel,"{""block"":""3400"",""iters"":""20"",""thread"":""128""}",88975,87566
ncu,microbench,ffmakernel,"{""block"":""3600"",""iters"":""1"",""thread"":""1024""}",40596,36866
ncu,microbench,ffmakernel,"{""block"":""3600"",""iters"":""10"",""thread"":""128""}",47953,45546
ncu,microbench,ffmakernel,"{""block"":""3600"",""iters"":""20"",""thread"":""128""}",91356,87786
ncu,microbench,ffmakernel,"{""block"":""3800"",""iters"":""1"",""thread"":""1024""}",42578,38964
ncu,microbench,ffmakernel,"{""block"":""3800"",""iters"":""10"",""thread"":""128""}",51865,50657
ncu,microbench,ffmakernel,"{""block"":""3800"",""iters"":""20"",""thread"":""128""}",99283,98177
ncu,microbench,ffmakernel,"{""block"":""400"",""iters"":""1"",""thread"":""1024""}",8785,6654
ncu,microbench,ffmakernel,"{""block"":""400"",""iters"":""10"",""thread"":""128""}",9805,7789
ncu,microbench,ffmakernel,"{""block"":""400"",""iters"":""20"",""thread"":""128""}",15244,13069
ncu,microbench,ffmakernel,"{""block"":""4000"",""iters"":""1"",""thread"":""1024""}",44729,41062
ncu,microbench,ffmakernel,"{""block"":""4000"",""iters"":""10"",""thread"":""128""}",53221,50877
ncu,microbench,ffmakernel,"{""block"":""4000"",""iters"":""20"",""thread"":""128""}",101902,98397
ncu,microbench,ffmakernel,"{""block"":""4200"",""iters"":""1"",""thread"":""1024""}",46166,43160
ncu,microbench,ffmakernel,"{""block"":""4200"",""iters"":""10"",""thread"":""128""}",55950,55988
ncu,microbench,ffmakernel,"{""block"":""4200"",""iters"":""20"",""thread"":""128""}",107148,108788
ncu,microbench,ffmakernel,"{""block"":""4400"",""iters"":""1"",""thread"":""1024""}",48417,45258
ncu,microbench,ffmakernel,"{""block"":""4400"",""iters"":""10"",""thread"":""128""}",58224,56208
ncu,microbench,ffmakernel,"{""block"":""4400"",""iters"":""20"",""thread"":""128""}",111551,109008
ncu,microbench,ffmakernel,"{""block"":""4600"",""iters"":""1"",""thread"":""1024""}",50549,47356
ncu,microbench,ffmakernel,"{""block"":""4600"",""iters"":""10"",""thread"":""128""}",61069,61319
ncu,microbench,ffmakernel,"{""block"":""4600"",""iters"":""20"",""thread"":""128""}",117427,119399
ncu,microbench,ffmakernel,"{""block"":""4800"",""iters"":""1"",""thread"":""1024""}",52662,49454
ncu,microbench,ffmakernel,"{""block"":""4800"",""iters"":""10"",""thread"":""128""}",63233,61539
ncu,microbench,ffmakernel,"{""block"":""4800"",""iters"":""20"",""thread"":""128""}",121904,119619
ncu,microbench,ffmakernel,"{""block"":""5000"",""iters"":""1"",""thread"":""1024""}",54136,49874
ncu,microbench,ffmakernel,"{""block"":""5000"",""iters"":""10"",""thread"":""128""}",64320,61759
ncu,microbench,ffmakernel,"{""block"":""5000"",""iters"":""20"",""thread"":""128""}",123944,119839
ncu,microbench,ffmakernel,"{""block"":""5200"",""iters"":""1"",""thread"":""1024""}",56327,51972
ncu,microbench,ffmakernel,"{""block"":""5200"",""iters"":""10"",""thread"":""128""}",67906,65858
ncu,microbench,ffmakernel,"{""block"":""5200"",""iters"":""20"",""thread"":""128""}",131299,130230
ncu,microbench,ffmakernel,"{""block"":""5400"",""iters"":""1"",""thread"":""1024""}",58383,54070
ncu,microbench,ffmakernel,"{""block"":""5400"",""iters"":""10"",""thread"":""128""}",69466,66085
ncu,microbench,ffmakernel,"{""block"":""5400"",""iters"":""20"",""thread"":""128""}",134355,130450
ncu,microbench,ffmakernel,"{""block"":""5600"",""iters"":""1"",""thread"":""1024""}",60600,56168
ncu,microbench,ffmakernel,"{""block"":""5600"",""iters"":""10"",""thread"":""128""}",73006,71103
ncu,microbench,ffmakernel,"{""block"":""5600"",""iters"":""20"",""thread"":""128""}",141364,140841
ncu,microbench,ffmakernel,"{""block"":""5800"",""iters"":""1"",""thread"":""1024""}",62388,58266
ncu,microbench,ffmakernel,"{""block"":""5800"",""iters"":""10"",""thread"":""128""}",74145,71327
ncu,microbench,ffmakernel,"{""block"":""5800"",""iters"":""20"",""thread"":""128""}",143489,138797
ncu,microbench,ffmakernel,"{""block"":""600"",""iters"":""1"",""thread"":""1024""}",10880,8752
ncu,microbench,ffmakernel,"{""block"":""600"",""iters"":""10"",""thread"":""128""}",15070,12900
ncu,microbench,ffmakernel,"{""block"":""600"",""iters"":""20"",""thread"":""128""}",25456,23460
ncu,microbench,ffmakernel,"{""block"":""6000"",""iters"":""1"",""thread"":""1024""}",64099,60364
ncu,microbench,ffmakernel,"{""block"":""6000"",""iters"":""10"",""thread"":""128""}",76959,76345
ncu,microbench,ffmakernel,"{""block"":""6000"",""iters"":""20"",""thread"":""128""}",149248,149005
ncu,microbench,ffmakernel,"{""block"":""800"",""iters"":""1"",""thread"":""1024""}",13131,10850
ncu,microbench,ffmakernel,"{""block"":""800"",""iters"":""10"",""thread"":""128""}",15236,13120
ncu,microbench,ffmakernel,"{""block"":""800"",""iters"":""20"",""thread"":""128""}",26207,23680
ncu,microbench,ldgekernel,"{""iters"":""10"",""size"":""524288""}",12970,11922
ncu,microbench,ldgekernel,"{""iters"":""10"",""size"":""8192""}",11033,10440
ncu,microbench,ldgekernel,"{""iters"":""10"",""size"":""8388608""}",13067,11922
ncu,microbench,ldgekernel,"{""iters"":""12"",""size"":""524288""}",14771,12793
ncu,microbench,ldgekernel,"{""iters"":""12"",""size"":""8192""}",12214,10817
ncu,microbench,ldgekernel,"{""iters"":""12"",""size"":""8388608""}",14773,13568
ncu,microbench,ldgekernel,"{""iters"":""14"",""size"":""524288""}",16018,14439
ncu,microbench,ldgekernel,"{""iters"":""14"",""size"":""8192""}",12128,11203
ncu,microbench,ldgekernel,"{""iters"":""14"",""size"":""8388608""}",16580,15214
ncu,microbench,ldgekernel,"{""iters"":""16"",""size"":""524288""}",17246,16085
ncu,microbench,ldgekernel,"{""iters"":""16"",""size"":""8192""}",12761,12355
ncu,microbench,ldgekernel,"{""iters"":""16"",""size"":""8388608""}",17753,16860
ncu,microbench,ldgekernel,"{""iters"":""4"",""size"":""524288""}",8334,6984
ncu,microbench,ldgekernel,"{""iters"":""4"",""size"":""8192""}",7891,6490
ncu,microbench,ldgekernel,"{""iters"":""4"",""size"":""8388608""}",8456,6984
ncu,microbench,ldgekernel,"{""iters"":""6"",""size"":""524288""}",10253,8630
ncu,microbench,ldgekernel,"{""iters"":""6"",""size"":""8192""}",8891,8136
ncu,microbench,ldgekernel,"{""iters"":""6"",""size"":""8388608""}",9877,8630
ncu,microbench,ldgekernel,"{""iters"":""8"",""size"":""524288""}",11511,10276
ncu,microbench,ldgekernel,"{""iters"":""8"",""size"":""8192""}",10296,8967
ncu,microbench,ldgekernel,"{""iters"":""8"",""size"":""8388608""}",11569,10276
ncu,microbench,pointerchasing-dram,"{""block"":""1"",""iters"":""10000"",""size"":""100663296"",""thread"":""32""}",8359863,8532306
ncu,microbench,pointerchasing-dram,"{""block"":""1"",""iters"":""10000"",""size"":""134217728"",""thread"":""32""}",8378076,8541198
ncu,microbench,pointerchasing-dram,"{""block"":""1"",""iters"":""10000"",""size"":""16777216"",""thread"":""32""}",8278471,8381994
ncu,microbench,pointerchasing-dram,"{""block"":""1"",""iters"":""10000"",""size"":""201326592"",""thread"":""32""}",8401448,8550584
ncu,microbench,pointerchasing-dram,"{""block"":""1"",""iters"":""10000"",""size"":""25165824"",""thread"":""32""}",8223384,8432885
ncu,microbench,pointerchasing-dram,"{""block"":""1"",""iters"":""10000"",""size"":""268435456"",""thread"":""32""}",8409068,8555030
ncu,microbench,pointerchasing-dram,"{""block"":""1"",""iters"":""10000"",""size"":""33554432"",""thread"":""32""}",8247803,8469228
ncu,microbench,pointerchasing-dram,"{""block"":""1"",""iters"":""10000"",""size"":""402653184"",""thread"":""32""}",8399191,8555524
ncu,microbench,pointerchasing-dram,"{""block"":""1"",""iters"":""10000"",""size"":""50331648"",""thread"":""32""}",8263462,8507819
ncu,microbench,pointerchasing-dram,"{""block"":""1"",""iters"":""10000"",""size"":""536870912"",""thread"":""32""}",8499799,8556512
ncu,microbench,pointerchasing-dram,"{""block"":""1"",""iters"":""10000"",""size"":""67108864"",""thread"":""32""}",8287007,8517486
ncu,microbench,pointerchasing-l1,"{""block"":""1"",""iters"":""10000"",""size"":""1024"",""thread"":""32""}",568547,542888
ncu,microbench,pointerchasing-l1,"{""block"":""1"",""iters"":""10000"",""size"":""12288"",""thread"":""32""}",747352,635798
ncu,microbench,pointerchasing-l1,"{""block"":""1"",""iters"":""10000"",""size"":""1536"",""thread"":""32""}",588240,547094
ncu,microbench,pointerchasing-l1,"{""block"":""1"",""iters"":""10000"",""size"":""16384"",""thread"":""32""}",789826,669590
ncu,microbench,pointerchasing-l1,"{""block"":""1"",""iters"":""10000"",""size"":""2048"",""thread"":""32""}",600786,551336
ncu,microbench,pointerchasing-l1,"{""block"":""1"",""iters"":""10000"",""size"":""3072"",""thread"":""32""}",626899,559766
ncu,microbench,pointerchasing-l1,"{""block"":""1"",""iters"":""10000"",""size"":""4096"",""thread"":""32""}",643201,568232
ncu,microbench,pointerchasing-l1,"{""block"":""1"",""iters"":""10000"",""size"":""512"",""thread"":""32""}",532612,538646
ncu,microbench,pointerchasing-l1,"{""block"":""1"",""iters"":""10000"",""size"":""6144"",""thread"":""32""}",668639,585110
ncu,microbench,pointerchasing-l1,"{""block"":""1"",""iters"":""10000"",""size"":""768"",""thread"":""32""}",554463,540776
ncu,microbench,pointerchasing-l1,"{""block"":""1"",""iters"":""10000"",""size"":""8192"",""thread"":""32""}",702588,602006
ncu,microbench,pointerchasing-l2,"{""block"":""1"",""iters"":""10000"",""size"":""1048576"",""thread"":""32""}",6454997,6481204
ncu,microbench,pointerchasing-l2,"{""block"":""1"",""iters"":""10000"",""size"":""131072"",""thread"":""32""}",4123106,4047295
ncu,microbench,pointerchasing-l2,"{""block"":""1"",""iters"":""10000"",""size"":""1572864"",""thread"":""32""}",7286136,7017729
ncu,microbench,pointerchasing-l2,"{""block"":""1"",""iters"":""10000"",""size"":""196608"",""thread"":""32""}",4378556,4325690
ncu,microbench,pointerchasing-l2,"{""block"":""1"",""iters"":""10000"",""size"":""2097152"",""thread"":""32""}",7618526,7354202
ncu,microbench,pointerchasing-l2,"{""block"":""1"",""iters"":""10000"",""size"":""262144"",""thread"":""32""}",4570759,4590334
ncu,microbench,pointerchasing-l2,"{""block"":""1"",""iters"":""10000"",""size"":""393216"",""thread"":""32""}",4950588,5052392
ncu,microbench,pointerchasing-l2,"{""block"":""1"",""iters"":""10000"",""size"":""524288"",""thread"":""32""}",5256868,5444651
ncu,microbench,pointerchasing-l2,"{""block"":""1"",""iters"":""10000"",""size"":""65536"",""thread"":""32""}",3816236,3689399
ncu,microbench,pointerchasing-l2,"{""block"":""1"",""iters"":""10000"",""size"":""786432"",""thread"":""32""}",5875830,6048768
ncu,microbench,pointerchasing-l2,"{""block"":""1"",""iters"":""10000"",""size"":""98304"",""thread"":""32""}",3980787,3884609
ncu,polybench,2dconv,"{""block"":""16"",""size"":""128""}",5291,5742
ncu,polybench,2dconv,"{""block"":""16"",""size"":""192""}",5703,6185
ncu,polybench,2dconv,"{""block"":""16"",""size"":""256""}",5685,6319
ncu,polybench,2dconv,"{""block"":""16"",""size"":""32""}",4994,4178
ncu,polybench,2dconv,"{""block"":""16"",""size"":""384""}",5845,30905
ncu,polybench,2dconv,"{""block"":""16"",""size"":""48""}",5107,4156
ncu,polybench,2dconv,"{""block"":""16"",""size"":""512""}",6661,36647
ncu,polybench,2dconv,"{""block"":""16"",""size"":""64""}",4996,4952
ncu,polybench,2dconv,"{""block"":""16"",""size"":""96""}",5046,4966
ncu,polybench,2dconv,"{""block"":""32"",""size"":""128""}",5238,5742
ncu,polybench,2dconv,"{""block"":""32"",""size"":""192""}",5654,6185
ncu,polybench,2dconv,"{""block"":""32"",""size"":""256""}",5855,6319
ncu,polybench,2dconv,"{""block"":""32"",""size"":""32""}",4957,4178
ncu,polybench,2dconv,"{""block"":""32"",""size"":""384""}",5859,31383
ncu,polybench,2dconv,"{""block"":""32"",""size"":""48""}",4957,4156
ncu,polybench,2dconv,"{""block"":""32"",""size"":""512""}",6744,44796
ncu,polybench,2dconv,"{""block"":""32"",""size"":""64""}",5010,4952
ncu,polybench,2dconv,"{""block"":""32"",""size"":""96""}",5141,4966
ncu,polybench,2dconv,"{""block"":""8"",""size"":""128""}",5131,5742
ncu,polybench,2dconv,"{""block"":""8"",""size"":""192""}",5742,6185
ncu,polybench,2dconv,"{""block"":""8"",""size"":""256""}",5779,6319
ncu,polybench,2dconv,"{""block"":""8"",""size"":""32""}",5005,4178
ncu,polybench,2dconv,"{""block"":""8"",""size"":""384""}",5759,34715
ncu,polybench,2dconv,"{""block"":""8"",""size"":""48""}",5128,4156
ncu,polybench,2dconv,"{""block"":""8"",""size"":""512""}",6656,52811
ncu,polybench,2dconv,"{""block"":""8"",""size"":""64""}",5016,4952
ncu,polybench,2dconv,"{""block"":""8"",""size"":""96""}",5013,4966
ncu,polybench,2mm,"{""blockDimX"":""16"",""size"":""128""}",138550,13235987
ncu,polybench,2mm,"{""blockDimX"":""16"",""size"":""160""}",171022,11367604
ncu,polybench,2mm,"{""blockDimX"":""16"",""size"":""192""}",204486,20342057
ncu,polybench,2mm,"{""blockDimX"":""16"",""size"":""224""}",237782,29104187
ncu,polybench,2mm,"{""blockDimX"":""16"",""size"":""256""}",271416,91564283
ncu,polybench,2mm,"{""blockDimX"":""16"",""size"":""32""}",40849,95616
ncu,polybench,2mm,"{""blockDimX"":""16"",""size"":""64""}",73761,200208
ncu,polybench,2mm,"{""blockDimX"":""16"",""size"":""96""}",105534,1759558
ncu,polybench,2mm,"{""blockDimX"":""32"",""size"":""128""}",144618,3813051
ncu,polybench,2mm,"{""blockDimX"":""32"",""size"":""160""}",179672,6712887
ncu,polybench,2mm,"{""blockDimX"":""32"",""size"":""192""}",213426,14760515
ncu,polybench,2mm,"{""blockDimX"":""32"",""size"":""224""}",245249,17459831
ncu,polybench,2mm,"{""blockDimX"":""32"",""size"":""256""}",279851,28465993
ncu,polybench,2mm,"{""blockDimX"":""32"",""size"":""32""}",43141,100544
ncu,polybench,2mm,"{""blockDimX"":""32"",""size"":""64""}",76506,432253
ncu,polybench,2mm,"{""blockDimX"":""32"",""size"":""96""}",109961,1418496
ncu,polybench,2mm,"{""blockDimX"":""8"",""size"":""128""}",134827,19278765
ncu,polybench,2mm,"{""blockDimX"":""8"",""size"":""160""}",167193,11439086
ncu,polybench,2mm,"{""blockDimX"":""8"",""size"":""192""}",199626,23513528
ncu,polybench,2mm,"{""blockDimX"":""8"",""size"":""224""}",232687,31133628
ncu,polybench,2mm,"{""blockDimX"":""8"",""size"":""256""}",265509,76251206
ncu,polybench,2mm,"{""blockDimX"":""8"",""size"":""32""}",41005,95606
ncu,polybench,2mm,"{""blockDimX"":""8"",""size"":""64""}",72293,1024228
ncu,polybench,2mm,"{""blockDimX"":""8"",""size"":""96""}",103224,2152602
ncu,polybench,3dconv,"{""blockDimX"":""16"",""size"":""112""}",597107,1942038
ncu,polybench,3dconv,"{""blockDimX"":""16"",""size"":""128""}",705916,961698
ncu,polybench,3dconv,"{""blockDimX"":""16"",""size"":""32""}",153817,175438
ncu,polybench,3dconv,"{""blockDimX"":""16"",""size"":""48""}",237656,321654
ncu,polybench,3dconv,"{""blockDimX"":""16"",""size"":""64""}",324259,385322
ncu,polybench,3dconv,"{""blockDimX"":""16"",""size"":""80""}",409381,710592
ncu,polybench,3dconv,"{""blockDimX"":""16"",""size"":""96""}",505764,1113541
ncu,polybench,3dconv,"{""blockDimX"":""32"",""size"":""112""}",585756,1383427
ncu,polybench,3dconv,"{""blockDimX"":""32"",""size"":""128""}",673440,953208
ncu,polybench,3dconv,"{""blockDimX"":""32"",""size"":""32""}",153809,159118
ncu,polybench,3dconv,"{""blockDimX"":""32"",""size"":""48""}",238130,295643
ncu,polybench,3dconv,"{""blockDimX"":""32"",""size"":""64""}",319685,388911
ncu,polybench,3dconv,"{""blockDimX"":""32"",""size"":""80""}",407346,726564
ncu,polybench,3dconv,"{""blockDimX"":""32"",""size"":""96""}",492191,824764
ncu,polybench,3dconv,"{""blockDimX"":""8"",""size"":""112""}",611995,2634158
ncu,polybench,3dconv,"{""blockDimX"":""8"",""size"":""128""}",733379,979699
ncu,polybench,3dconv,"{""blockDimX"":""8"",""size"":""32""}",154266,186926
ncu,polybench,3dconv,"{""blockDimX"":""8"",""size"":""48""}",238262,346956
ncu,polybench,3dconv,"{""blockDimX"":""8"",""size"":""64""}",326814,387597
ncu,polybench,3dconv,"{""blockDimX"":""8"",""size"":""80""}",416129,722618
ncu,polybench,3dconv,"{""blockDimX"":""8"",""size"":""96""}",514509,1908530
ncu,polybench,3mm,"{""blockDimX"":""16"",""size"":""128""}",204026,21169154
ncu,polybench,3mm,"{""blockDimX"":""16"",""size"":""160""}",254674,16919453
ncu,polybench,3mm,"{""blockDimX"":""16"",""size"":""192""}",304605,31247086
ncu,polybench,3mm,"{""blockDimX"":""16"",""size"":""224""}",356712,43400360
ncu,polybench,3mm,"{""blockDimX"":""16"",""size"":""256""}",403632,134911387
ncu,polybench,3mm,"{""blockDimX"":""16"",""size"":""32""}",61336,142791
ncu,polybench,3mm,"{""blockDimX"":""16"",""size"":""64""}",109426,285396
ncu,polybench,3mm,"{""blockDimX"":""16"",""size"":""96""}",156550,2563824
ncu,polybench,3mm,"{""blockDimX"":""32"",""size"":""128""}",216579,5617896
ncu,polybench,3mm,"{""blockDimX"":""32"",""size"":""160""}",268204,10339660
ncu,polybench,3mm,"{""blockDimX"":""32"",""size"":""192""}",321181,22249487
ncu,polybench,3mm,"{""blockDimX"":""32"",""size"":""224""}",372212,26291647
ncu,polybench,3mm,"{""blockDimX"":""32"",""size"":""256""}",424975,43100060
ncu,polybench,3mm,"{""blockDimX"":""32"",""size"":""32""}",63450,145519
ncu,polybench,3mm,"{""blockDimX"":""32"",""size"":""64""}",114545,531387
ncu,polybench,3mm,"{""blockDimX"":""32"",""size"":""96""}",165422,1824705
ncu,polybench,3mm,"{""blockDimX"":""8"",""size"":""128""}",199949,29010017
ncu,polybench,3mm,"{""blockDimX"":""8"",""size"":""160""}",247782,16608590
ncu,polybench,3mm,"{""blockDimX"":""8"",""size"":""192""}",296608,34542661
ncu,polybench,3mm,"{""blockDimX"":""8"",""size"":""224""}",346088,45914381
ncu,polybench,3mm,"{""blockDimX"":""8"",""size"":""256""}",395721,112859422
ncu,polybench,3mm,"{""blockDimX"":""8"",""size"":""32""}",60571,144570
ncu,polybench,3mm,"{""blockDimX"":""8"",""size"":""64""}",107069,1528903
ncu,polybench,3mm,"{""blockDimX"":""8"",""size"":""96""}",153592,3277151
ncu,polybench,atax,"{""blockDimX"":""16"",""size"":""128""}",97997,643800
ncu,polybench,atax,"{""blockDimX"":""16"",""size"":""160""}",119880,794676
ncu,polybench,atax,"{""blockDimX"":""16"",""size"":""192""}",147853,951689
ncu,polybench,atax,"{""blockDimX"":""16"",""size"":""224""}",169025,1110394
ncu,polybench,atax,"{""blockDimX"":""16"",""size"":""256""}",190857,1296068
ncu,polybench,atax,"{""blockDimX"":""16"",""size"":""32""}",32779,50889
ncu,polybench,atax,"{""blockDimX"":""16"",""size"":""64""}",51954,169429
ncu,polybench,atax,"{""blockDimX"":""16"",""size"":""96""}",76643,367151
ncu,polybench,atax,"{""blockDimX"":""32"",""size"":""128""}",101797,329432
ncu,polybench,atax,"{""blockDimX"":""32"",""size"":""160""}",127696,403402
ncu,polybench,atax,"{""blockDimX"":""32"",""size"":""192""}",151624,484907
ncu,polybench,atax,"{""blockDimX"":""32"",""size"":""224""}",176830,569475
ncu,polybench,atax,"{""blockDimX"":""32"",""size"":""256""}",201791,667328
ncu,polybench,atax,"{""blockDimX"":""32"",""size"":""32""}",34929,39095
ncu,polybench,atax,"{""blockDimX"":""32"",""size"":""64""}",55491,103741
ncu,polybench,atax,"{""blockDimX"":""32"",""size"":""96""}",79006,204270
ncu,polybench,atax,"{""blockDimX"":""8"",""size"":""128""}",95967,1272536
ncu,polybench,atax,"{""blockDimX"":""8"",""size"":""160""}",119392,1580051
ncu,polybench,atax,"{""blockDimX"":""8"",""size"":""192""}",142311,1894593
ncu,polybench,atax,"{""blockDimX"":""8"",""size"":""224""}",163633,2209197
ncu,polybench,atax,"{""blockDimX"":""8"",""size"":""256""}",182685,2553775
ncu,polybench,atax,"{""blockDimX"":""8"",""size"":""32""}",32105,87753
ncu,polybench,atax,"{""blockDimX"":""8"",""size"":""64""}",53074,326613
ncu,polybench,atax,"{""blockDimX"":""8"",""size"":""96""}",73605,718652
ncu,polybench,bicg,"{""blockDimX"":""16"",""size"":""128""}",99136,644312
ncu,polybench,bicg,"{""blockDimX"":""16"",""size"":""160""}",122349,795186
ncu,polybench,bicg,"{""blockDimX"":""16"",""size"":""192""}",145676,952968
ncu,polybench,bicg,"{""blockDimX"":""16"",""size"":""224""}",168469,1109392
ncu,polybench,bicg,"{""blockDimX"":""16"",""size"":""256""}",190816,1295546
ncu,polybench,bicg,"{""blockDimX"":""16"",""size"":""32""}",33567,51891
ncu,polybench,bicg,"{""blockDimX"":""16"",""size"":""64""}",53127,169941
ncu,polybench,bicg,"{""blockDimX"":""16"",""size"":""96""}",76307,366528
ncu,polybench,bicg,"{""blockDimX"":""32"",""size"":""128""}",103761,329944
ncu,polybench,bicg,"{""blockDimX"":""32"",""size"":""160""}",128543,404402
ncu,polybench,bicg,"{""blockDimX"":""32"",""size"":""192""}",153540,485478
ncu,polybench,bicg,"{""blockDimX"":""32"",""size"":""224""}",178980,571398
ncu,polybench,bicg,"{""blockDimX"":""32"",""size"":""256""}",201811,668079
ncu,polybench,bicg,"{""blockDimX"":""32"",""size"":""32""}",35147,39618
ncu,polybench,bicg,"{""blockDimX"":""32"",""size"":""64""}",56039,104735
ncu,polybench,bicg,"{""blockDimX"":""32"",""size"":""96""}",80772,205288
ncu,polybench,bicg,"{""blockDimX"":""8"",""size"":""128""}",95980,1273048
ncu,polybench,bicg,"{""blockDimX"":""8"",""size"":""160""}",119141,1581255
ncu,polybench,bicg,"{""blockDimX"":""8"",""size"":""192""}",143127,1895062
ncu,polybench,bicg,"{""blockDimX"":""8"",""size"":""224""}",162707,2209223
ncu,polybench,bicg,"{""blockDimX"":""8"",""size"":""256""}",185998,2553022
ncu,polybench,bicg,"{""blockDimX"":""8"",""size"":""32""}",32111,88265
ncu,polybench,bicg,"{""blockDimX"":""8"",""size"":""64""}",52464,327125
ncu,polybench,bicg,"{""blockDimX"":""8"",""size"":""96""}",73923,719057
ncu,polybench,gemm,"{""blockDimX"":""16"",""size"":""128""}",69157,6661359
ncu,polybench,gemm,"{""blockDimX"":""16"",""size"":""160""}",85625,5470628
ncu,polybench,gemm,"{""blockDimX"":""16"",""size"":""192""}",102057,10195385
ncu,polybench,gemm,"{""blockDimX"":""16"",""size"":""224""}",120347,14393254
ncu,polybench,gemm,"{""blockDimX"":""16"",""size"":""256""}",135985,45771232
ncu,polybench,gemm,"{""blockDimX"":""16"",""size"":""32""}",20488,49071
ncu,polybench,gemm,"{""blockDimX"":""16"",""size"":""64""}",36812,100343
ncu,polybench,gemm,"{""blockDimX"":""16"",""size"":""96""}",52678,936503
ncu,polybench,gemm,"{""blockDimX"":""32"",""size"":""128""}",72629,1772816
ncu,polybench,gemm,"{""blockDimX"":""32"",""size"":""160""}",91406,3501021
ncu,polybench,gemm,"{""blockDimX"":""32"",""size"":""192""}",109020,7048248
ncu,polybench,gemm,"{""blockDimX"":""32"",""size"":""224""}",125413,8692603
ncu,polybench,gemm,"{""blockDimX"":""32"",""size"":""256""}",143377,13772185
ncu,polybench,gemm,"{""blockDimX"":""32"",""size"":""32""}",22035,52149
ncu,polybench,gemm,"{""blockDimX"":""32"",""size"":""64""}",38687,205431
ncu,polybench,gemm,"{""blockDimX"":""32"",""size"":""96""}",56492,866380
ncu,polybench,gemm,"{""blockDimX"":""8"",""size"":""128""}",67534,9957154
ncu,polybench,gemm,"{""blockDimX"":""8"",""size"":""160""}",83536,5565120
ncu,polybench,gemm,"{""blockDimX"":""8"",""size"":""192""}",100129,11539652
ncu,polybench,gemm,"{""blockDimX"":""8"",""size"":""224""}",117425,15675966
ncu,polybench,gemm,"{""blockDimX"":""8"",""size"":""256""}",133477,37987006
ncu,polybench,gemm,"{""blockDimX"":""8"",""size"":""32""}",20940,49066
ncu,polybench,gemm,"{""blockDimX"":""8"",""size"":""64""}",35982,500771
ncu,polybench,gemm,"{""blockDimX"":""8"",""size"":""96""}",51152,1069234
ncu,polybench,gesummv,"{""block"":""16"",""size"":""128""}",48552,164956
ncu,polybench,gesummv,"{""block"":""16"",""size"":""192""}",73071,245044
ncu,polybench,gesummv,"{""block"":""16"",""size"":""256""}",94293,324352
ncu,polybench,gesummv,"{""block"":""16"",""size"":""32""}",15154,34627
ncu,polybench,gesummv,"{""block"":""16"",""size"":""384""}",142043,484034
ncu,polybench,gesummv,"{""block"":""16"",""size"":""48""}",18091,49275
ncu,polybench,gesummv,"{""block"":""16"",""size"":""512""}",189387,644017
ncu,polybench,gesummv,"{""block"":""16"",""size"":""64""}",26098,63407
ncu,polybench,gesummv,"{""block"":""16"",""size"":""96""}",38286,95881
ncu,polybench,gesummv,"{""block"":""32"",""size"":""128""}",48538,164956
ncu,polybench,gesummv,"{""block"":""32"",""size"":""192""}",72906,245046
ncu,polybench,gesummv,"{""block"":""32"",""size"":""256""}",94159,324350
ncu,polybench,gesummv,"{""block"":""32"",""size"":""32""}",15232,34627
ncu,polybench,gesummv,"{""block"":""32"",""size"":""384""}",148401,483629
ncu,polybench,gesummv,"{""block"":""32"",""size"":""48""}",18252,49275
ncu,polybench,gesummv,"{""block"":""32"",""size"":""512""}",192113,644015
ncu,polybench,gesummv,"{""block"":""32"",""size"":""64""}",26256,63407
ncu,polybench,gesummv,"{""block"":""32"",""size"":""96""}",38068,95881
ncu,polybench,gesummv,"{""block"":""8"",""size"":""128""}",48719,164956
ncu,polybench,gesummv,"{""block"":""8"",""size"":""192""}",72783,245044
ncu,polybench,gesummv,"{""block"":""8"",""size"":""256""}",94901,324352
ncu,polybench,gesummv,"{""block"":""8"",""size"":""32""}",15206,34627
ncu,polybench,gesummv,"{""block"":""8"",""size"":""384""}",141750,483630
ncu,polybench,gesummv,"{""block"":""8"",""size"":""48""}",18249,49275
ncu,polybench,gesummv,"{""block"":""8"",""size"":""512""}",187991,644023
ncu,polybench,gesummv,"{""block"":""8"",""size"":""64""}",26394,63407
ncu,polybench,gesummv,"{""block"":""8"",""size"":""96""}",38361,95881
ncu,polybench,mvt,"{""blockDimX"":""16"",""size"":""128""}",98705,644294
ncu,polybench,mvt,"{""blockDimX"":""16"",""size"":""160""}",122385,796618
ncu,polybench,mvt,"{""blockDimX"":""16"",""size"":""192""}",145129,955315
ncu,polybench,mvt,"{""blockDimX"":""16"",""size"":""224""}",168368,1110986
ncu,polybench,mvt,"{""blockDimX"":""16"",""size"":""256""}",191570,1297910
ncu,polybench,mvt,"{""blockDimX"":""16"",""size"":""32""}",33528,51383
ncu,polybench,mvt,"{""blockDimX"":""16"",""size"":""64""}",52720,169923
ncu,polybench,mvt,"{""blockDimX"":""16"",""size"":""96""}",76394,366617
ncu,polybench,mvt,"{""blockDimX"":""32"",""size"":""128""}",104008,329926
ncu,polybench,mvt,"{""blockDimX"":""32"",""size"":""160""}",128367,404132
ncu,polybench,mvt,"{""blockDimX"":""32"",""size"":""192""}",152891,485399
ncu,polybench,mvt,"{""blockDimX"":""32"",""size"":""224""}",179236,570968
ncu,polybench,mvt,"{""blockDimX"":""32"",""size"":""256""}",202051,669162
ncu,polybench,mvt,"{""blockDimX"":""32"",""size"":""32""}",34753,39589
ncu,polybench,mvt,"{""blockDimX"":""32"",""size"":""64""}",56241,104235
ncu,polybench,mvt,"{""blockDimX"":""32"",""size"":""96""}",79604,204764
ncu,polybench,mvt,"{""blockDimX"":""8"",""size"":""128""}",96290,1273030
ncu,polybench,mvt,"{""blockDimX"":""8"",""size"":""160""}",119560,1580469
ncu,polybench,mvt,"{""blockDimX"":""8"",""size"":""192""}",143222,1895285
ncu,polybench,mvt,"{""blockDimX"":""8"",""size"":""224""}",165220,2209384
ncu,polybench,mvt,"{""blockDimX"":""8"",""size"":""256""}",184800,2555391
ncu,polybench,mvt,"{""blockDimX"":""8"",""size"":""32""}",32195,88247
ncu,polybench,mvt,"{""blockDimX"":""8"",""size"":""64""}",51893,327107
ncu,polybench,mvt,"{""blockDimX"":""8"",""size"":""96""}",73806,717780
ncu,polybench,syrk,"{""blockDimX"":""16"",""size"":""128""}",29151,6938890
ncu,polybench,syrk,"{""blockDimX"":""16"",""size"":""160""}",35628,5083283
ncu,polybench,syrk,"{""blockDimX"":""16"",""size"":""192""}",56093,10386631
ncu,polybench,syrk,"{""blockDimX"":""16"",""size"":""224""}",84232,14292582
ncu,polybench,syrk,"{""blockDimX"":""16"",""size"":""256""}",115142,48821084
ncu,polybench,syrk,"{""blockDimX"":""16"",""size"":""32""}",9488,45564
ncu,polybench,syrk,"{""blockDimX"":""16"",""size"":""64""}",13930,83657
ncu,polybench,syrk,"{""blockDimX"":""16"",""size"":""96""}",18460,735335
ncu,polybench,syrk,"{""blockDimX"":""32"",""size"":""128""}",43545,2436547
ncu,polybench,syrk,"{""blockDimX"":""32"",""size"":""160""}",53498,3275636
ncu,polybench,syrk,"{""blockDimX"":""32"",""size"":""192""}",121728,6191412
ncu,polybench,syrk,"{""blockDimX"":""32"",""size"":""224""}",142827,8730643
ncu,polybench,syrk,"{""blockDimX"":""32"",""size"":""256""}",230997,16426722
ncu,polybench,syrk,"{""blockDimX"":""32"",""size"":""32""}",15312,46177
ncu,polybench,syrk,"{""blockDimX"":""32"",""size"":""64""}",24464,99593
ncu,polybench,syrk,"{""blockDimX"":""32"",""size"":""96""}",34452,232477
ncu,polybench,syrk,"{""blockDimX"":""8"",""size"":""128""}",23081,10801892
ncu,polybench,syrk,"{""blockDimX"":""8"",""size"":""160""}",32942,5598363
ncu,polybench,syrk,"{""blockDimX"":""8"",""size"":""192""}",47926,12566241
ncu,polybench,syrk,"{""blockDimX"":""8"",""size"":""224""}",62599,15565237
ncu,polybench,syrk,"{""blockDimX"":""8"",""size"":""256""}",87167,40154954
ncu,polybench,syrk,"{""blockDimX"":""8"",""size"":""32""}",9168,44896
ncu,polybench,syrk,"{""blockDimX"":""8"",""size"":""64""}",13071,333170
ncu,polybench,syrk,"{""blockDimX"":""8"",""size"":""96""}",17183,1524088
ncu,rodinia,b+tree,"{""block"":""128"",""size"":""1000""}",37793.333333333336,2148657
ncu,rodinia,b+tree,"{""block"":""128"",""size"":""2000""}",37858.666666666664,4215688
ncu,rodinia,b+tree,"{""block"":""128"",""size"":""3000""}",37626.333333333336,6253936
ncu,rodinia,b+tree,"{""block"":""128"",""size"":""4000""}",41748.333333333336,10279629
ncu,rodinia,b+tree,"{""block"":""128"",""size"":""5000""}",42398.333333333336,12876189
ncu,rodinia,b+tree,"{""block"":""128"",""size"":""6000""}",43154.666666666664,15528103
ncu,rodinia,b+tree,"{""block"":""256"",""size"":""1000""}",50142.333333333336,2166819
ncu,rodinia,b+tree,"{""block"":""256"",""size"":""2000""}",54004.666666666664,4212127
ncu,rodinia,b+tree,"{""block"":""256"",""size"":""3000""}",53752.333333333336,6225124
ncu,rodinia,b+tree,"{""block"":""256"",""size"":""4000""}",59848.666666666664,10244864
ncu,rodinia,b+tree,"{""block"":""256"",""size"":""5000""}",61142.333333333336,12871817
ncu,rodinia,b+tree,"{""block"":""256"",""size"":""6000""}",61729.333333333336,15319080
ncu,rodinia,backprop,"{""block"":""128"",""size"":""128""}",294614,355774
ncu,rodinia,backprop,"{""block"":""128"",""size"":""192""}",375129,560483
ncu,rodinia,backprop,"{""block"":""128"",""size"":""256""}",491781,801824
ncu,rodinia,backprop,"{""block"":""128"",""size"":""320""}",585155,1036575
ncu,rodinia,backprop,"{""block"":""128"",""size"":""384""}",731288,1294149
ncu,rodinia,backprop,"{""block"":""128"",""size"":""448""}",863760,1512942
ncu,rodinia,backprop,"{""block"":""128"",""size"":""512""}",1051886,1919325
ncu,rodinia,backprop,"{""block"":""128"",""size"":""576""}",1159238,2320459
ncu,rodinia,backprop,"{""block"":""128"",""size"":""640""}",1314965,2829285
ncu,rodinia,backprop,"{""block"":""128"",""size"":""704""}",1389978,3174878
ncu,rodinia,backprop,"{""block"":""32"",""size"":""128""}",296201,290070
ncu,rodinia,backprop,"{""block"":""32"",""size"":""192""}",359844,444475
ncu,rodinia,backprop,"{""block"":""32"",""size"":""256""}",443893,751330
ncu,rodinia,backprop,"{""block"":""32"",""size"":""320""}",495551,1065402
ncu,rodinia,backprop,"{""block"":""32"",""size"":""384""}",586522,1400311
ncu,rodinia,backprop,"{""block"":""32"",""size"":""448""}",644722,1828484
ncu,rodinia,backprop,"{""block"":""32"",""size"":""512""}",733059,2317327
ncu,rodinia,backprop,"{""block"":""32"",""size"":""576""}",790713,2790482
ncu,rodinia,backprop,"{""block"":""32"",""size"":""640""}",886724,3517532
ncu,rodinia,backprop,"{""block"":""32"",""size"":""704""}",942336,4048643
ncu,rodinia,backprop,"{""block"":""64"",""size"":""128""}",293539,325606
ncu,rodinia,backprop,"{""block"":""64"",""size"":""192""}",375808,487979
ncu,rodinia,backprop,"{""block"":""64"",""size"":""256""}",493125,765048
ncu,rodinia,backprop,"{""block"":""64"",""size"":""320""}",549166,1014755
ncu,rodinia,backprop,"{""block"":""64"",""size"":""384""}",636921,1316552
ncu,rodinia,backprop,"{""block"":""64"",""size"":""448""}",711641,1710597
ncu,rodinia,backprop,"{""block"":""64"",""size"":""512""}",807512,2096421
ncu,rodinia,backprop,"{""block"":""64"",""size"":""576""}",906209,2592839
ncu,rodinia,backprop,"{""block"":""64"",""size"":""640""}",1016009,3119178
ncu,rodinia,backprop,"{""block"":""64"",""size"":""704""}",1076550,3687870
ncu,rodinia,bfs,"{""degree"":""3"",""size"":""1024""}",128028.33333333333,103468
ncu,rodinia,bfs,"{""degree"":""3"",""size"":""128""}",133897.33333333334,103468
ncu,rodinia,bfs,"{""degree"":""3"",""size"":""16""}",79620,62677
ncu,rodinia,bfs,"{""degree"":""3"",""size"":""256""}",129397.66666666667,103468
ncu,rodinia,bfs,"{""degree"":""3"",""size"":""32""}",134696.66666666666,103468
ncu,rodinia,bfs,"{""degree"":""3"",""size"":""512""}",126878.33333333333,103468
ncu,rodinia,bfs,"{""degree"":""3"",""size"":""64""}",135235,103468
ncu,rodinia,bfs,"{""degree"":""3"",""size"":""8""}",52785.666666666664,42671
ncu,rodinia,bfs,"{""degree"":""4"",""size"":""1024""}",126393,112517
ncu,rodinia,bfs,"{""degree"":""4"",""size"":""128""}",131232,112517
ncu,rodinia,bfs,"{""degree"":""4"",""size"":""16""}",65690.33333333333,56504
ncu,rodinia,bfs,"{""degree"":""4"",""size"":""256""}",127870,112517
ncu,rodinia,bfs,"{""degree"":""4"",""size"":""32""}",119202,99562
ncu,rodinia,bfs,"{""degree"":""4"",""size"":""512""}",130721.33333333333,112517
ncu,rodinia,bfs,"{""degree"":""4"",""size"":""64""}",133149,112517
ncu,rodinia,bfs,"{""degree"":""4"",""size"":""8""}",39101.666666666664,34966
ncu,rodinia,bfs,"{""degree"":""5"",""size"":""1024""}",133689,43871
ncu,rodinia,bfs,"{""degree"":""5"",""size"":""128""}",132031,43622
ncu,rodinia,bfs,"{""degree"":""5"",""size"":""16""}",53560,17438
ncu,rodinia,bfs,"{""degree"":""5"",""size"":""256""}",130256,43622
ncu,rodinia,bfs,"{""degree"":""5"",""size"":""32""}",108538.33333333333,34878
ncu,rodinia,bfs,"{""degree"":""5"",""size"":""512""}",134481.66666666666,43831
ncu,rodinia,bfs,"{""degree"":""5"",""size"":""64""}",136350,43622
ncu,rodinia,bfs,"{""degree"":""5"",""size"":""8""}",39715.333333333336,13074
ncu,rodinia,cfd,"{""block"":""128"",""size"":""128""}",161777,173144
ncu,rodinia,cfd,"{""block"":""128"",""size"":""192""}",168147,180412
ncu,rodinia,cfd,"{""block"":""128"",""size"":""256""}",168179,180508
ncu,rodinia,cfd,"{""block"":""128"",""size"":""320""}",168472,184772
ncu,rodinia,cfd,"{""block"":""128"",""size"":""384""}",168861,186769
ncu,rodinia,cfd,"{""block"":""128"",""size"":""448""}",172545,190661
ncu,rodinia,cfd,"{""block"":""128"",""size"":""512""}",169629,191520
ncu,rodinia,cfd,"{""block"":""128"",""size"":""576""}",167229,206202
ncu,rodinia,cfd,"{""block"":""128"",""size"":""64""}",162447,169504
ncu,rodinia,cfd,"{""block"":""128"",""size"":""640""}",167349,207476
ncu,rodinia,cfd,"{""block"":""64"",""size"":""128""}",171960,173144
ncu,rodinia,cfd,"{""block"":""64"",""size"":""192""}",170799,170668
ncu,rodinia,cfd,"{""block"":""64"",""size"":""256""}",168245,180670
ncu,rodinia,cfd,"{""block"":""64"",""size"":""320""}",168351,184806
ncu,rodinia,cfd,"{""block"":""64"",""size"":""384""}",168953,194151
ncu,rodinia,cfd,"{""block"":""64"",""size"":""448""}",169532,190739
ncu,rodinia,cfd,"{""block"":""64"",""size"":""512""}",169786,189608
ncu,rodinia,cfd,"{""block"":""64"",""size"":""576""}",171080,195173
ncu,rodinia,cfd,"{""block"":""64"",""size"":""64""}",157693,138808
ncu,rodinia,cfd,"{""block"":""64"",""size"":""640""}",168104,203652
ncu,rodinia,gaussian,"{""block"":""128"",""size"":""1024""}",190418,17010718
ncu,rodinia,gaussian,"{""block"":""128"",""size"":""128""}",109455,538501
ncu,rodinia,gaussian,"{""block"":""128"",""size"":""256""}",112135,1234980
ncu,rodinia,gaussian,"{""block"":""128"",""size"":""384""}",116824,2411094
ncu,rodinia,gaussian,"{""block"":""128"",""size"":""512""}",127324,4365359
ncu,rodinia,gaussian,"{""block"":""128"",""size"":""640""}",138862,6628289
ncu,rodinia,gaussian,"{""block"":""128"",""size"":""768""}",154690,9590831
ncu,rodinia,gaussian,"{""block"":""128"",""size"":""896""}",170956,12872535
ncu,rodinia,gaussian,"{""block"":""32"",""size"":""1024""}",446719,17688508
ncu,rodinia,gaussian,"{""block"":""32"",""size"":""128""}",109527,603531
ncu,rodinia,gaussian,"{""block"":""32"",""size"":""256""}",122206,1408452
ncu,rodinia,gaussian,"{""block"":""32"",""size"":""384""}",152252,2686427
ncu,rodinia,gaussian,"{""block"":""32"",""size"":""512""}",189096,4679152
ncu,rodinia,gaussian,"{""block"":""32"",""size"":""640""}",237298,7048057
ncu,rodinia,gaussian,"{""block"":""32"",""size"":""768""}",296001,10009273
ncu,rodinia,gaussian,"{""block"":""32"",""size"":""896""}",366724,13553746
ncu,rodinia,gaussian,"{""block"":""64"",""size"":""1024""}",273835,13074008
ncu,rodinia,gaussian,"{""block"":""64"",""size"":""128""}",108819,580986
ncu,rodinia,gaussian,"{""block"":""64"",""size"":""256""}",113668,1308100
ncu,rodinia,gaussian,"{""block"":""64"",""size"":""384""}",127736,2542250
ncu,rodinia,gaussian,"{""block"":""64"",""size"":""512""}",147221,3359111
ncu,rodinia,gaussian,"{""block"":""64"",""size"":""640""}",171843,6854452
ncu,rodinia,gaussian,"{""block"":""64"",""size"":""768""}",201308,9267628
ncu,rodinia,gaussian,"{""block"":""64"",""size"":""896""}",236131,13273717
ncu,rodinia,heartwall,"{""block"":""128"",""size"":""1024""}",161937.66666666666,19508
ncu,rodinia,heartwall,"{""block"":""128"",""size"":""128""}",83774.33333333333,15845
ncu,rodinia,heartwall,"{""block"":""128"",""size"":""192""}",130208.33333333333,15656
ncu,rodinia,heartwall,"{""block"":""128"",""size"":""256""}",134121,15590
ncu,rodinia,heartwall,"{""block"":""128"",""size"":""32""}",59532.333333333336,15856
ncu,rodinia,heartwall,"{""block"":""128"",""size"":""384""}",134028.33333333334,16039
ncu,rodinia,heartwall,"{""block"":""128"",""size"":""48""}",73342.33333333333,15941
ncu,rodinia,heartwall,"{""block"":""128"",""size"":""512""}",133960.66666666666,16683
ncu,rodinia,heartwall,"{""block"":""128"",""size"":""64""}",82345,16031
ncu,rodinia,heartwall,"{""block"":""128"",""size"":""768""}",146935,18088
ncu,rodinia,heartwall,"{""block"":""128"",""size"":""96""}",83096.66666666667,16182
ncu,rodinia,heartwall,"{""block"":""256"",""size"":""1024""}",326528.3333333333,19930
ncu,rodinia,heartwall,"{""block"":""256"",""size"":""128""}",135943.66666666666,14049
ncu,rodinia,heartwall,"{""block"":""256"",""size"":""192""}",234628.33333333334,14349
ncu,rodinia,heartwall,"{""block"":""256"",""size"":""256""}",241083.33333333334,14677
ncu,rodinia,heartwall,"{""block"":""256"",""size"":""32""}",89065.33333333333,13619
ncu,rodinia,heartwall,"{""block"":""256"",""size"":""384""}",241341.66666666666,15354
ncu,rodinia,heartwall,"{""block"":""256"",""size"":""48""}",118029.33333333333,13704
ncu,rodinia,heartwall,"{""block"":""256"",""size"":""512""}",249425.66666666666,16690
ncu,rodinia,heartwall,"{""block"":""256"",""size"":""64""}",133562.66666666666,13794
ncu,rodinia,heartwall,"{""block"":""256"",""size"":""768""}",266979.6666666667,18095
ncu,rodinia,heartwall,"{""block"":""256"",""size"":""96""}",136527,13948
ncu,rodinia,kmeans,"{""clusters"":""16"",""size"":""128""}",162300,193920
ncu,rodinia,kmeans,"{""clusters"":""16"",""size"":""192""}",167663,189611
ncu,rodinia,kmeans,"{""clusters"":""16"",""size"":""256""}",166515,193947
ncu,rodinia,kmeans,"{""clusters"":""16"",""size"":""320""}",163886,193398
ncu,rodinia,kmeans,"{""clusters"":""16"",""size"":""384""}",163930,194629
ncu,rodinia,kmeans,"{""clusters"":""16"",""size"":""448""}",165691,193835
ncu,rodinia,kmeans,"{""clusters"":""16"",""size"":""512""}",164391,195043
ncu,rodinia,kmeans,"{""clusters"":""16"",""size"":""576""}",163277,196790
ncu,rodinia,kmeans,"{""clusters"":""16"",""size"":""640""}",165534,202360
ncu,rodinia,kmeans,"{""clusters"":""16"",""size"":""704""}",167923,202323
ncu,rodinia,kmeans,"{""clusters"":""16"",""size"":""768""}",165486,202387
ncu,rodinia,kmeans,"{""clusters"":""16"",""size"":""832""}",162946,202605
ncu,rodinia,kmeans,"{""clusters"":""16"",""size"":""896""}",164640,202972
ncu,rodinia,kmeans,"{""clusters"":""24"",""size"":""128""}",211105,260054
ncu,rodinia,kmeans,"{""clusters"":""24"",""size"":""192""}",217534,255350
ncu,rodinia,kmeans,"{""clusters"":""24"",""size"":""256""}",214267,260081
ncu,rodinia,kmeans,"{""clusters"":""24"",""size"":""320""}",215207,256542
ncu,rodinia,kmeans,"{""clusters"":""24"",""size"":""384""}",212393,260743
ncu,rodinia,kmeans,"{""clusters"":""24"",""size"":""448""}",214944,257030
ncu,rodinia,kmeans,"{""clusters"":""24"",""size"":""512""}",213876,260907
ncu,rodinia,kmeans,"{""clusters"":""24"",""size"":""576""}",211652,262897
ncu,rodinia,kmeans,"{""clusters"":""24"",""size"":""640""}",215244,268467
ncu,rodinia,kmeans,"{""clusters"":""24"",""size"":""704""}",216783,268430
ncu,rodinia,kmeans,"{""clusters"":""24"",""size"":""768""}",213011,268494
ncu,rodinia,kmeans,"{""clusters"":""24"",""size"":""832""}",214769,268712
ncu,rodinia,kmeans,"{""clusters"":""24"",""size"":""896""}",212619,269061
ncu,rodinia,kmeans,"{""clusters"":""32"",""size"":""128""}",260382,322694
ncu,rodinia,kmeans,"{""clusters"":""32"",""size"":""192""}",268764,317990
ncu,rodinia,kmeans,"{""clusters"":""32"",""size"":""256""}",264446,322721
ncu,rodinia,kmeans,"{""clusters"":""32"",""size"":""320""}",260615,319184
ncu,rodinia,kmeans,"{""clusters"":""32"",""size"":""384""}",259938,323403
ncu,rodinia,kmeans,"{""clusters"":""32"",""size"":""448""}",263783,319697
ncu,rodinia,kmeans,"{""clusters"":""32"",""size"":""512""}",262473,323817
ncu,rodinia,kmeans,"{""clusters"":""32"",""size"":""576""}",260041,325564
ncu,rodinia,kmeans,"{""clusters"":""32"",""size"":""640""}",263971,331134
ncu,rodinia,kmeans,"{""clusters"":""32"",""size"":""704""}",268768,331097
ncu,rodinia,kmeans,"{""clusters"":""32"",""size"":""768""}",265235,331161
ncu,rodinia,kmeans,"{""clusters"":""32"",""size"":""832""}",260566,331379
ncu,rodinia,kmeans,"{""clusters"":""32"",""size"":""896""}",259365,331746
ncu,rodinia,lavaMD,"{""boxes1d"":""1""}",10073.666666666666,13213
ncu,rodinia,lavaMD,"{""boxes1d"":""10""}",141923.33333333334,6785242
ncu,rodinia,lavaMD,"{""boxes1d"":""2""}",41493.666666666664,59605
ncu,rodinia,lavaMD,"{""boxes1d"":""3""}",126887,187856
ncu,rodinia,lavaMD,"{""boxes1d"":""4""}",129197,333990
ncu,rodinia,lavaMD,"{""boxes1d"":""5""}",129394,678626
ncu,rodinia,lavaMD,"{""boxes1d"":""6""}",129581.33333333333,1245160
ncu,rodinia,lavaMD,"{""boxes1d"":""7""}",129958.33333333333,2123997
ncu,rodinia,lavaMD,"{""boxes1d"":""8""}",132634.66666666666,3310440
ncu,rodinia,lavaMD,"{""boxes1d"":""9""}",137614,4836229
ncu,rodinia,lud,"{""size"":""112""}",340194.3333333333,1207702
ncu,rodinia,lud,"{""size"":""128""}",396346.3333333333,1522235
ncu,rodinia,lud,"{""size"":""16""}",18097.666666666668,51512
ncu,rodinia,lud,"{""size"":""32""}",75180.33333333333,187469
ncu,rodinia,lud,"{""size"":""48""}",125223.66666666667,340021
ncu,rodinia,lud,"{""size"":""64""}",180990.66666666666,509798
ncu,rodinia,lud,"{""size"":""8""}",18009.333333333332,51512
ncu,rodinia,lud,"{""size"":""80""}",233058.33333333334,702415
ncu,rodinia,lud,"{""size"":""96""}",289639.3333333333,928760
ncu,rodinia,nn,"{""block"":""128"",""size"":""10000""}",22074.333333333332,67065
ncu,rodinia,nn,"{""block"":""128"",""size"":""120000""}",24551.333333333332,422026
ncu,rodinia,nn,"{""block"":""128"",""size"":""15000""}",22315.333333333332,92872
ncu,rodinia,nn,"{""block"":""128"",""size"":""160000""}",26048.333333333332,575613
ncu,rodinia,nn,"{""block"":""128"",""size"":""20000""}",22736,114881
ncu,rodinia,nn,"{""block"":""128"",""size"":""30000""}",22925.333333333332,147743
ncu,rodinia,nn,"{""block"":""128"",""size"":""40000""}",22898,174925
ncu,rodinia,nn,"{""block"":""128"",""size"":""60000""}",23259.666666666668,212211
ncu,rodinia,nn,"{""block"":""128"",""size"":""80000""}",23669.333333333332,304969
ncu,rodinia,nn,"{""block"":""256"",""size"":""10000""}",22028.333333333332,67011
ncu,rodinia,nn,"{""block"":""256"",""size"":""120000""}",24309.333333333332,402244
ncu,rodinia,nn,"{""block"":""256"",""size"":""15000""}",21889.333333333332,91335
ncu,rodinia,nn,"{""block"":""256"",""size"":""160000""}",25328.333333333332,479634
ncu,rodinia,nn,"{""block"":""256"",""size"":""20000""}",22176.666666666668,105289
ncu,rodinia,nn,"{""block"":""256"",""size"":""30000""}",22588.333333333332,136910
ncu,rodinia,nn,"{""block"":""256"",""size"":""40000""}",22656.333333333332,166549
ncu,rodinia,nn,"{""block"":""256"",""size"":""60000""}",22905.666666666668,232855
ncu,rodinia,nn,"{""block"":""256"",""size"":""80000""}",23282,309775
ncu,rodinia,nn,"{""block"":""64"",""size"":""10000""}",22356,51541
ncu,rodinia,nn,"{""block"":""64"",""size"":""120000""}",28629.333333333332,451059
ncu,rodinia,nn,"{""block"":""64"",""size"":""15000""}",22987,78287
ncu,rodinia,nn,"{""block"":""64"",""size"":""160000""}",31432,609749
ncu,rodinia,nn,"{""block"":""64"",""size"":""20000""}",23097.666666666668,103581
ncu,rodinia,nn,"{""block"":""64"",""size"":""30000""}",23110.666666666668,145067
ncu,rodinia,nn,"{""block"":""64"",""size"":""40000""}",23288.666666666668,175176
ncu,rodinia,nn,"{""block"":""64"",""size"":""60000""}",24392.666666666668,245776
ncu,rodinia,nn,"{""block"":""64"",""size"":""80000""}",26198.333333333332,332995
ncu,rodinia,pathfinder,"{""block"":""128"",""size"":""12""}",68716,70837
ncu,rodinia,pathfinder,"{""block"":""128"",""size"":""16""}",92502,94423
ncu,rodinia,pathfinder,"{""block"":""128"",""size"":""20""}",114060,118009
ncu,rodinia,pathfinder,"{""block"":""128"",""size"":""24""}",137811,142089
ncu,rodinia,pathfinder,"{""block"":""128"",""size"":""28""}",158752,165675
ncu,rodinia,pathfinder,"{""block"":""128"",""size"":""32""}",177709,214171
ncu,rodinia,pathfinder,"{""block"":""128"",""size"":""36""}",200802,238491
ncu,rodinia,pathfinder,"{""block"":""128"",""size"":""40""}",222074,265777
ncu,rodinia,pathfinder,"{""block"":""128"",""size"":""44""}",245369,293393
ncu,rodinia,pathfinder,"{""block"":""64"",""size"":""12""}",68822,60217
ncu,rodinia,pathfinder,"{""block"":""64"",""size"":""16""}",91253,80223
ncu,rodinia,pathfinder,"{""block"":""64"",""size"":""20""}",113454,100229
ncu,rodinia,pathfinder,"{""block"":""64"",""size"":""24""}",137181,120729
ncu,rodinia,pathfinder,"{""block"":""64"",""size"":""28""}",157831,140735
ncu,rodinia,pathfinder,"{""block"":""64"",""size"":""32""}",178496,177529
ncu,rodinia,pathfinder,"{""block"":""64"",""size"":""36""}",201111,198621
ncu,rodinia,pathfinder,"{""block"":""64"",""size"":""40""}",222680,221479
ncu,rodinia,pathfinder,"{""block"":""64"",""size"":""44""}",245873,244267
nsys,cuda-sdk,fastwalshtransform,"{""log2data"":""12"",""log2kernel"":""12""}",28998.449999999997,16885
nsys,cuda-sdk,fastwalshtransform,"{""log2data"":""13"",""log2kernel"":""12""}",31937.49,17183
nsys,cuda-sdk,fastwalshtransform,"{""log2data"":""14"",""log2kernel"":""12""}",38299.950000000004,23590
nsys,cuda-sdk,fastwalshtransform,"{""log2data"":""14"",""log2kernel"":""14""}",38376.585,23590
nsys,cuda-sdk,fastwalshtransform,"{""log2data"":""15"",""log2kernel"":""12""}",41708.16,24032
nsys,cuda-sdk,fastwalshtransform,"{""log2data"":""15"",""log2kernel"":""14""}",41729.22,24032
nsys,cuda-sdk,fastwalshtransform,"{""log2data"":""16"",""log2kernel"":""12""}",48746.295,30902
nsys,cuda-sdk,fastwalshtransform,"{""log2data"":""16"",""log2kernel"":""14""}",48729.33,30902
nsys,cuda-sdk,fastwalshtransform,"{""log2data"":""16"",""log2kernel"":""16""}",48859.200000000004,30902
nsys,cuda-sdk,fastwalshtransform,"{""log2data"":""17"",""log2kernel"":""12""}",55260.855,31824
nsys,cuda-sdk,fastwalshtransform,"{""log2data"":""17"",""log2kernel"":""14""}",55392.48,31824
nsys,cuda-sdk,fastwalshtransform,"{""log2data"":""17"",""log2kernel"":""16""}",55615.950000000004,31824
nsys,cuda-sdk,fastwalshtransform,"{""log2data"":""18"",""log2kernel"":""12""}",71453.655,40917
nsys,cuda-sdk,fastwalshtransform,"{""log2data"":""18"",""log2kernel"":""14""}",71436.105,40917
nsys,cuda-sdk,fastwalshtransform,"{""log2data"":""18"",""log2kernel"":""16""}",71419.14,40917
nsys,cuda-sdk,mergesort,"{""size"":""1024""}",14489.28,5029
nsys,cuda-sdk,mergesort,"{""size"":""114688""}",235386.45000000004,88493
nsys,cuda-sdk,mergesort,"{""size"":""131072""}",244651.67999999996,90893
nsys,cuda-sdk,mergesort,"{""size"":""16384""}",121492.21499999998,47569
nsys,cuda-sdk,mergesort,"{""size"":""2048""}",36485.28,15309
nsys,cuda-sdk,mergesort,"{""size"":""32768""}",153173.475,59337
nsys,cuda-sdk,mergesort,"{""size"":""4096""}",63275.939999999995,25797
nsys,cuda-sdk,mergesort,"{""size"":""65536""}",190498.815,73468
nsys,cuda-sdk,mergesort,"{""size"":""8192""}",90567.36,36471
nsys,cuda-sdk,mergesort,"{""size"":""81920""}",226418.98500000002,86044
nsys,cuda-sdk,mergesort,"{""size"":""98304""}",231230.61000000004,87204
nsys,cuda-sdk,scalarprod,"{""elementN"":""2048"",""vectorN"":""128""}",8817.705,3189
nsys,cuda-sdk,scalarprod,"{""elementN"":""2048"",""vectorN"":""256""}",15686.775000000001,4150
nsys,cuda-sdk,scalarprod,"{""elementN"":""2048"",""vectorN"":""32""}",8573.175,3093
nsys,cuda-sdk,scalarprod,"{""elementN"":""2048"",""vectorN"":""512""}",27256.905,6072
nsys,cuda-sdk,scalarprod,"{""elementN"":""2048"",""vectorN"":""64""}",9266.4,3125
nsys,cuda-sdk,scalarprod,"{""elementN"":""4096"",""vectorN"":""128""}",8555.04,3345
nsys,cuda-sdk,scalarprod,"{""elementN"":""4096"",""vectorN"":""256""}",13983.84,4462
nsys,cuda-sdk,scalarprod,"{""elementN"":""4096"",""vectorN"":""32""}",7917.975000000001,3249
nsys,cuda-sdk,scalarprod,"{""elementN"":""4096"",""vectorN"":""512""}",25084.8,6696
nsys,cuda-sdk,scalarprod,"{""elementN"":""4096"",""vectorN"":""64""}",8237.385,3281
nsys,cuda-sdk,scan-long,"{""arrayLength"":""2048"",""size"":""131072""}",11662.56,6911
nsys,cuda-sdk,scan-long,"{""arrayLength"":""2048"",""size"":""16384""}",10820.745,6663
nsys,cuda-sdk,scan-long,"{""arrayLength"":""2048"",""size"":""262144""}",12841.92,7197
nsys,cuda-sdk,scan-long,"{""arrayLength"":""2048"",""size"":""32768""}",10745.28,6698
nsys,cuda-sdk,scan-long,"{""arrayLength"":""2048"",""size"":""4096""}",10577.385,6639
nsys,cuda-sdk,scan-long,"{""arrayLength"":""2048"",""size"":""65536""}",11176.425000000001,6769
nsys,cuda-sdk,scan-long,"{""arrayLength"":""2048"",""size"":""8192""}",10819.575,6647
nsys,cuda-sdk,scan-long,"{""arrayLength"":""4096"",""size"":""131072""}",11756.745,6943
nsys,cuda-sdk,scan-long,"{""arrayLength"":""4096"",""size"":""16384""}",10838.880000000001,6695
nsys,cuda-sdk,scan-long,"{""arrayLength"":""4096"",""size"":""262144""}",13028.535,7229
nsys,cuda-sdk,scan-long,"{""arrayLength"":""4096"",""size"":""32768""}",10858.77,6730
nsys,cuda-sdk,scan-long,"{""arrayLength"":""4096"",""size"":""4096""}",10689.705,6671
nsys,cuda-sdk,scan-long,"{""arrayLength"":""4096"",""size"":""65536""}",11213.28,6801
nsys,cuda-sdk,scan-long,"{""arrayLength"":""4096"",""size"":""8192""}",10857.6,6679
nsys,cuda-sdk,scan-short,"{""arrayLength"":""1024"",""size"":""131072""}",4455.36,2529
nsys,cuda-sdk,scan-short,"{""arrayLength"":""1024"",""size"":""16384""}",4043.52,2406
nsys,cuda-sdk,scan-short,"{""arrayLength"":""1024"",""size"":""262144""}",5129.28,2670
nsys,cuda-sdk,scan-short,"{""arrayLength"":""1024"",""size"":""32768""}",4080.9600000000005,2424
nsys,cuda-sdk,scan-short,"{""arrayLength"":""1024"",""size"":""4096""}",3968.6400000000003,2394
nsys,cuda-sdk,scan-short,"{""arrayLength"":""1024"",""size"":""65536""}",4230.72,2459
nsys,cuda-sdk,scan-short,"{""arrayLength"":""1024"",""size"":""8192""}",4005.4950000000003,2398
nsys,cuda-sdk,scan-short,"{""arrayLength"":""512"",""size"":""131072""}",4455.36,2497
nsys,cuda-sdk,scan-short,"{""arrayLength"":""512"",""size"":""16384""}",3949.9199999999996,2374
nsys,cuda-sdk,scan-short,"{""arrayLength"":""512"",""size"":""262144""}",5036.265,2638
nsys,cuda-sdk,scan-short,"{""arrayLength"":""512"",""size"":""32768""}",3987.9450000000006,2392
nsys,cuda-sdk,scan-short,"{""arrayLength"":""512"",""size"":""4096""}",3855.735,2362
nsys,cuda-sdk,scan-short,"{""arrayLength"":""512"",""size"":""65536""}",4080.375,2427
nsys,cuda-sdk,scan-short,"{""arrayLength"":""512"",""size"":""8192""}",3912.4800000000005,2366
nsys,cuda-sdk,sortingnetworks-bitonic,"{""arrayLength"":""128"",""size"":""131072""}",18027.36,3698
nsys,cuda-sdk,sortingnetworks-bitonic,"{""arrayLength"":""128"",""size"":""16384""}",11288.745,3575
nsys,cuda-sdk,sortingnetworks-bitonic,"{""arrayLength"":""128"",""size"":""262144""}",25534.665,3839
nsys,cuda-sdk,sortingnetworks-bitonic,"{""arrayLength"":""128"",""size"":""32768""}",11437.92,3593
nsys,cuda-sdk,sortingnetworks-bitonic,"{""arrayLength"":""128"",""size"":""4096""}",11250.72,3563
nsys,cuda-sdk,sortingnetworks-bitonic,"{""arrayLength"":""128"",""size"":""65536""}",11605.815,3628
nsys,cuda-sdk,sortingnetworks-bitonic,"{""arrayLength"":""128"",""size"":""8192""}",11288.16,3567
nsys,cuda-sdk,sortingnetworks-bitonic,"{""arrayLength"":""64"",""size"":""131072""}",14788.8,3358
nsys,cuda-sdk,sortingnetworks-bitonic,"{""arrayLength"":""64"",""size"":""16384""}",9491.04,3235
nsys,cuda-sdk,sortingnetworks-bitonic,"{""arrayLength"":""64"",""size"":""262144""}",20704.905,3499
nsys,cuda-sdk,sortingnetworks-bitonic,"{""arrayLength"":""64"",""size"":""32768""}",9565.92,3253
nsys,cuda-sdk,sortingnetworks-bitonic,"{""arrayLength"":""64"",""size"":""4096""}",9397.44,3223
nsys,cuda-sdk,sortingnetworks-bitonic,"{""arrayLength"":""64"",""size"":""65536""}",9753.12,3288
nsys,cuda-sdk,sortingnetworks-bitonic,"{""arrayLength"":""64"",""size"":""8192""}",9416.16,3227
nsys,cuda-sdk,sortingnetworks-oddeven,"{""arrayLength"":""128"",""size"":""131072""}",18401.760000000002,4042
nsys,cuda-sdk,sortingnetworks-oddeven,"{""arrayLength"":""128"",""size"":""16384""}",12767.04,3919
nsys,cuda-sdk,sortingnetworks-oddeven,"{""arrayLength"":""128"",""size"":""262144""}",25665.705,4183
nsys,cuda-sdk,sortingnetworks-oddeven,"{""arrayLength"":""128"",""size"":""32768""}",12785.76,3937
nsys,cuda-sdk,sortingnetworks-oddeven,"{""arrayLength"":""128"",""size"":""4096""}",12617.28,3907
nsys,cuda-sdk,sortingnetworks-oddeven,"{""arrayLength"":""128"",""size"":""65536""}",13029.12,3972
nsys,cuda-sdk,sortingnetworks-oddeven,"{""arrayLength"":""128"",""size"":""8192""}",12692.16,3911
nsys,cuda-sdk,sortingnetworks-oddeven,"{""arrayLength"":""64"",""size"":""131072""}",15181.919999999998,3631
nsys,cuda-sdk,sortingnetworks-oddeven,"{""arrayLength"":""64"",""size"":""16384""}",10539.36,3508
nsys,cuda-sdk,sortingnetworks-oddeven,"{""arrayLength"":""64"",""size"":""262144""}",21078.72,3772
nsys,cuda-sdk,sortingnetworks-oddeven,"{""arrayLength"":""64"",""size"":""32768""}",10689.12,3526
nsys,cuda-sdk,sortingnetworks-oddeven,"{""arrayLength"":""64"",""size"":""4096""}",10482.615,3496
nsys,cuda-sdk,sortingnetworks-oddeven,"{""arrayLength"":""64"",""size"":""65536""}",10820.16,3561
nsys,cuda-sdk,sortingnetworks-oddeven,"{""arrayLength"":""64"",""size"":""8192""}",10558.08,3500
nsys,cuda-sdk,transpose,"{""dimX"":""1024"",""dimY"":""1024"",""kernelID"":""1""}",9228.960000000001,12472
nsys,cuda-sdk,transpose,"{""dimX"":""1536"",""dimY"":""1536"",""kernelID"":""1""}",17747.145,19168
nsys,cuda-sdk,transpose,"{""dimX"":""2048"",""dimY"":""2048"",""kernelID"":""1""}",31823.999999999996,28346
nsys,cuda-sdk,transpose,"{""dimX"":""3072"",""dimY"":""3072"",""kernelID"":""1""}",86112,42676
nsys,cuda-sdk,transpose,"{""dimX"":""4096"",""dimY"":""4096"",""kernelID"":""1""}",157267.89,74215
nsys,cuda-sdk,transpose,"{""dimX"":""6144"",""dimY"":""6144"",""kernelID"":""1""}",360568.84500000003,164327
nsys,cuda-sdk,transpose,"{""dimX"":""8192"",""dimY"":""8192"",""kernelID"":""1""}",643504.68,290484
nsys,cuda-sdk,vectoradd,"{""size"":""1048576""}",9902.880000000001,6608
nsys,cuda-sdk,vectoradd,"{""size"":""131072""}",4511.52,2666
nsys,cuda-sdk,vectoradd,"{""size"":""16384""}",3687.8400000000006,2173
nsys,cuda-sdk,vectoradd,"{""size"":""16777216""}",190140.21,74192
nsys,cuda-sdk,vectoradd,"{""size"":""2097152""}",16922.88,11114
nsys,cuda-sdk,vectoradd,"{""size"":""262144""}",5148,3229
nsys,cuda-sdk,vectoradd,"{""size"":""32768""}",3875.6250000000005,2243
nsys,cuda-sdk,vectoradd,"{""size"":""4194304""}",38207.520000000004,20125
nsys,cuda-sdk,vectoradd,"{""size"":""524288""}",6832.8,4355
nsys,cuda-sdk,vectoradd,"{""size"":""65536""}",3987.36,2384
nsys,cuda-sdk,vectoradd,"{""size"":""8388608""}",89407.30500000001,38147
nsys,gpu-benches,gpu-cache,"{""size"":""1024"",""thread"":""128""}",10857.6,37992
nsys,gpu-benches,gpu-cache,"{""size"":""1024"",""thread"":""16""}",12487.41,22751
nsys,gpu-benches,gpu-cache,"{""size"":""1024"",""thread"":""32""}",10801.44,16683
nsys,gpu-benches,gpu-cache,"{""size"":""1024"",""thread"":""64""}",10745.28,23572
nsys,gpu-benches,gpu-cache,"{""size"":""128"",""thread"":""128""}",10596.105,24324
nsys,gpu-benches,gpu-cache,"{""size"":""128"",""thread"":""16""}",10895.04,16589
nsys,gpu-benches,gpu-cache,"{""size"":""128"",""thread"":""32""}",10801.44,16599
nsys,gpu-benches,gpu-cache,"{""size"":""128"",""thread"":""64""}",10763.415,16982
nsys,gpu-benches,gpu-cache,"{""size"":""1280"",""thread"":""128""}",10951.2,37992
nsys,gpu-benches,gpu-cache,"{""size"":""1280"",""thread"":""16""}",14227.2,28793
nsys,gpu-benches,gpu-cache,"{""size"":""1280"",""thread"":""32""}",12449.970000000001,22701
nsys,gpu-benches,gpu-cache,"{""size"":""1280"",""thread"":""64""}",10857.6,23584
nsys,gpu-benches,gpu-cache,"{""size"":""1536"",""thread"":""128""}",10820.745,38004
nsys,gpu-benches,gpu-cache,"{""size"":""1536"",""thread"":""16""}",14209.65,28841
nsys,gpu-benches,gpu-cache,"{""size"":""1536"",""thread"":""32""}",12505.545,22725
nsys,gpu-benches,gpu-cache,"{""size"":""1536"",""thread"":""64""}",10783.305,23596
nsys,gpu-benches,gpu-cache,"{""size"":""16"",""thread"":""128""}",10970.505000000001,24247
nsys,gpu-benches,gpu-cache,"{""size"":""16"",""thread"":""16""}",10614.24,16491
nsys,gpu-benches,gpu-cache,"{""size"":""16"",""thread"":""32""}",11007.36,16449
nsys,gpu-benches,gpu-cache,"{""size"":""16"",""thread"":""64""}",11119.68,16895
nsys,gpu-benches,gpu-cache,"{""size"":""1792"",""thread"":""128""}",10782.135,38004
nsys,gpu-benches,gpu-cache,"{""size"":""1792"",""thread"":""16""}",16005.014999999998,34883
nsys,gpu-benches,gpu-cache,"{""size"":""1792"",""thread"":""32""}",12560.535,22749
nsys,gpu-benches,gpu-cache,"{""size"":""1792"",""thread"":""64""}",10726.56,23608
nsys,gpu-benches,gpu-cache,"{""size"":""2048"",""thread"":""128""}",10782.135,38016
nsys,gpu-benches,gpu-cache,"{""size"":""2048"",""thread"":""16""}",15874.560000000001,34931
nsys,gpu-benches,gpu-cache,"{""size"":""2048"",""thread"":""32""}",12393.225,22773
nsys,gpu-benches,gpu-cache,"{""size"":""2048"",""thread"":""64""}",10820.745,23620
nsys,gpu-benches,gpu-cache,"{""size"":""2304"",""thread"":""128""}",11007.36,38016
nsys,gpu-benches,gpu-cache,"{""size"":""2304"",""thread"":""16""}",17765.28,40973
nsys,gpu-benches,gpu-cache,"{""size"":""2304"",""thread"":""32""}",14153.49,28791
nsys,gpu-benches,gpu-cache,"{""size"":""2304"",""thread"":""64""}",12542.4,31419
nsys,gpu-benches,gpu-cache,"{""size"":""256"",""thread"":""128""}",10745.28,27814
nsys,gpu-benches,gpu-cache,"{""size"":""256"",""thread"":""16""}",10782.72,16613
nsys,gpu-benches,gpu-cache,"{""size"":""256"",""thread"":""32""}",10802.025,16611
nsys,gpu-benches,gpu-cache,"{""size"":""256"",""thread"":""64""}",10894.455,23536
nsys,gpu-benches,gpu-cache,"{""size"":""2560"",""thread"":""128""}",10820.16,38028
nsys,gpu-benches,gpu-cache,"{""size"":""2560"",""thread"":""16""}",17690.985,32091
nsys,gpu-benches,gpu-cache,"{""size"":""2560"",""thread"":""32""}",14207.895,28815
nsys,gpu-benches,gpu-cache,"{""size"":""2560"",""thread"":""64""}",12579.255000000001,31431
nsys,gpu-benches,gpu-cache,"{""size"":""2816"",""thread"":""128""}",10837.710000000001,38028
nsys,gpu-benches,gpu-cache,"{""size"":""2816"",""thread"":""16""}",19282.77,47063
nsys,gpu-benches,gpu-cache,"{""size"":""2816"",""thread"":""32""}",14151.735,28839
nsys,gpu-benches,gpu-cache,"{""size"":""2816"",""thread"":""64""}",12542.4,31443
nsys,gpu-benches,gpu-cache,"{""size"":""3072"",""thread"":""128""}",10819.575,38040
nsys,gpu-benches,gpu-cache,"{""size"":""3072"",""thread"":""16""}",19468.8,36395
nsys,gpu-benches,gpu-cache,"{""size"":""3072"",""thread"":""32""}",14320.215,23505
nsys,gpu-benches,gpu-cache,"{""size"":""3072"",""thread"":""64""}",12448.800000000001,31455
nsys,gpu-benches,gpu-cache,"{""size"":""32"",""thread"":""128""}",10726.56,24315
nsys,gpu-benches,gpu-cache,"{""size"":""32"",""thread"":""16""}",10782.72,16505
nsys,gpu-benches,gpu-cache,"{""size"":""32"",""thread"":""32""}",10782.72,16491
nsys,gpu-benches,gpu-cache,"{""size"":""32"",""thread"":""64""}",10651.68,16943
nsys,gpu-benches,gpu-cache,"{""size"":""3328"",""thread"":""128""}",11082.24,38040
nsys,gpu-benches,gpu-cache,"{""size"":""3328"",""thread"":""16""}",21097.44,53153
nsys,gpu-benches,gpu-cache,"{""size"":""3328"",""thread"":""32""}",15930.135,34881
nsys,gpu-benches,gpu-cache,"{""size"":""3328"",""thread"":""64""}",12542.985,31467
nsys,gpu-benches,gpu-cache,"{""size"":""3584"",""thread"":""128""}",10745.28,38052
nsys,gpu-benches,gpu-cache,"{""size"":""3584"",""thread"":""16""}",21153.015,40699
nsys,gpu-benches,gpu-cache,"{""size"":""3584"",""thread"":""32""}",15873.975,34905
nsys,gpu-benches,gpu-cache,"{""size"":""3584"",""thread"":""64""}",12504.960000000001,31479
nsys,gpu-benches,gpu-cache,"{""size"":""3840"",""thread"":""128""}",10782.72,38052
nsys,gpu-benches,gpu-cache,"{""size"":""3840"",""thread"":""16""}",22875.84,59243
nsys,gpu-benches,gpu-cache,"{""size"":""3840"",""thread"":""32""}",15855.255000000003,34929
nsys,gpu-benches,gpu-cache,"{""size"":""3840"",""thread"":""64""}",12466.935,31491
nsys,gpu-benches,gpu-cache,"{""size"":""4096"",""thread"":""128""}",10932.48,38064
nsys,gpu-benches,gpu-cache,"{""size"":""4096"",""thread"":""16""}",23082.345,45003
nsys,gpu-benches,gpu-cache,"{""size"":""4096"",""thread"":""32""}",15912.585000000001,27809
nsys,gpu-benches,gpu-cache,"{""size"":""4096"",""thread"":""64""}",12543.57,31503
nsys,gpu-benches,gpu-cache,"{""size"":""512"",""thread"":""128""}",10744.11,37980
nsys,gpu-benches,gpu-cache,"{""size"":""512"",""thread"":""16""}",10819.575,16661
nsys,gpu-benches,gpu-cache,"{""size"":""512"",""thread"":""32""}",10745.865,16635
nsys,gpu-benches,gpu-cache,"{""size"":""512"",""thread"":""64""}",10745.28,23548
nsys,gpu-benches,gpu-cache,"{""size"":""64"",""thread"":""128""}",10651.095,24318
nsys,gpu-benches,gpu-cache,"{""size"":""64"",""thread"":""16""}",10670.985,16577
nsys,gpu-benches,gpu-cache,"{""size"":""64"",""thread"":""32""}",10764.585000000001,16527
nsys,gpu-benches,gpu-cache,"{""size"":""64"",""thread"":""64""}",10651.68,16946
nsys,gpu-benches,gpu-cache,"{""size"":""768"",""thread"":""128""}",10857.6,37980
nsys,gpu-benches,gpu-cache,"{""size"":""768"",""thread"":""16""}",12392.055,22703
nsys,gpu-benches,gpu-cache,"{""size"":""768"",""thread"":""32""}",10801.44,16659
nsys,gpu-benches,gpu-cache,"{""size"":""768"",""thread"":""64""}",10820.16,23560
nsys,gpu-benches,gpu-l2-cache,"{""block"":""2"",""size"":""1""}",11606.985,16707
nsys,gpu-benches,gpu-l2-cache,"{""block"":""2"",""size"":""1024""}",13047.84,32203
nsys,gpu-benches,gpu-l2-cache,"{""block"":""2"",""size"":""128""}",11905.92,20875
nsys,gpu-benches,gpu-l2-cache,"{""block"":""2"",""size"":""16""}",11662.56,19459
nsys,gpu-benches,gpu-l2-cache,"{""block"":""2"",""size"":""2""}",11718.135,17099
nsys,gpu-benches,gpu-l2-cache,"{""block"":""2"",""size"":""2048""}",14881.814999999999,46267
nsys,gpu-benches,gpu-l2-cache,"{""block"":""2"",""size"":""256""}",12018.825,22307
nsys,gpu-benches,gpu-l2-cache,"{""block"":""2"",""size"":""32""}",11718.72,19475
nsys,gpu-benches,gpu-l2-cache,"{""block"":""2"",""size"":""4""}",12860.64,17883
nsys,gpu-benches,gpu-l2-cache,"{""block"":""2"",""size"":""4096""}",17485.065,74395
nsys,gpu-benches,gpu-l2-cache,"{""block"":""2"",""size"":""512""}",12560.535,25171
nsys,gpu-benches,gpu-l2-cache,"{""block"":""2"",""size"":""64""}",11887.2,19507
nsys,gpu-benches,gpu-l2-cache,"{""block"":""2"",""size"":""8""}",12242.880000000001,19451
nsys,gpu-benches,gpu-l2-cache,"{""block"":""4"",""size"":""1""}",12036.375,17099
nsys,gpu-benches,gpu-l2-cache,"{""block"":""4"",""size"":""1024""}",14827.409999999998,46267
nsys,gpu-benches,gpu-l2-cache,"{""block"":""4"",""size"":""128""}",11961.495,22307
nsys,gpu-benches,gpu-l2-cache,"{""block"":""4"",""size"":""16""}",12017.655,19475
nsys,gpu-benches,gpu-l2-cache,"{""block"":""4"",""size"":""2""}",12765.87,17883
nsys,gpu-benches,gpu-l2-cache,"{""block"":""4"",""size"":""2048""}",17709.705,74395
nsys,gpu-benches,gpu-l2-cache,"{""block"":""4"",""size"":""256""}",12373.335000000001,25171
nsys,gpu-benches,gpu-l2-cache,"{""block"":""4"",""size"":""32""}",12149.28,19507
nsys,gpu-benches,gpu-l2-cache,"{""block"":""4"",""size"":""4""}",12242.295,19451
nsys,gpu-benches,gpu-l2-cache,"{""block"":""4"",""size"":""4096""}",22819.095,129347
nsys,gpu-benches,gpu-l2-cache,"{""block"":""4"",""size"":""512""}",13235.04,32203
nsys,gpu-benches,gpu-l2-cache,"{""block"":""4"",""size"":""64""}",12094.875,20875
nsys,gpu-benches,gpu-l2-cache,"{""block"":""4"",""size"":""8""}",11831.04,19459
nsys,gpu-benches,gpu-l2-cache,"{""block"":""8"",""size"":""1""}",12805.65,17883
nsys,gpu-benches,gpu-l2-cache,"{""block"":""8"",""size"":""1024""}",17746.56,74395
nsys,gpu-benches,gpu-l2-cache,"{""block"":""8"",""size"":""128""}",12561.12,25171
nsys,gpu-benches,gpu-l2-cache,"{""block"":""8"",""size"":""16""}",11999.52,19507
nsys,gpu-benches,gpu-l2-cache,"{""block"":""8"",""size"":""2""}",12335.895,19451
nsys,gpu-benches,gpu-l2-cache,"{""block"":""8"",""size"":""2048""}",22875.84,129347
nsys,gpu-benches,gpu-l2-cache,"{""block"":""8"",""size"":""256""}",13084.695,32203
nsys,gpu-benches,gpu-l2-cache,"{""block"":""8"",""size"":""32""}",12187.305,20875
nsys,gpu-benches,gpu-l2-cache,"{""block"":""8"",""size"":""4""}",11661.975,19459
nsys,gpu-benches,gpu-l2-cache,"{""block"":""8"",""size"":""4096""}",35380.8,240555
nsys,gpu-benches,gpu-l2-cache,"{""block"":""8"",""size"":""512""}",14864.264999999998,46267
nsys,gpu-benches,gpu-l2-cache,"{""block"":""8"",""size"":""64""}",12093.705,22307
nsys,gpu-benches,gpu-l2-cache,"{""block"":""8"",""size"":""8""}",11793.015,19475
nsys,gpu-benches,gpu-l2-stream,"{""block"":""128"",""size"":""10000""}",40995.63,44394
nsys,gpu-benches,gpu-l2-stream,"{""block"":""128"",""size"":""1280000""}",340650.18,424978
nsys,gpu-benches,gpu-l2-stream,"{""block"":""128"",""size"":""160000""}",58746.87,83893
nsys,gpu-benches,gpu-l2-stream,"{""block"":""128"",""size"":""20000""}",43673.76,45538
nsys,gpu-benches,gpu-l2-stream,"{""block"":""128"",""size"":""320000""}",78326.82,135889
nsys,gpu-benches,gpu-l2-stream,"{""block"":""128"",""size"":""40000""}",46034.82,47774
nsys,gpu-benches,gpu-l2-stream,"{""block"":""128"",""size"":""640000""}",116123.66999999998,228463
nsys,gpu-benches,gpu-l2-stream,"{""block"":""128"",""size"":""80000""}",50527.62,63598
nsys,gpu-benches,gpu-l2-stream,"{""block"":""256"",""size"":""10000""}",40790.295,57471
nsys,gpu-benches,gpu-l2-stream,"{""block"":""256"",""size"":""1280000""}",342578.925,418543
nsys,gpu-benches,gpu-l2-stream,"{""block"":""256"",""size"":""160000""}",58164.795000000006,95089
nsys,gpu-benches,gpu-l2-stream,"{""block"":""256"",""size"":""20000""}",42475.095,58210
nsys,gpu-benches,gpu-l2-stream,"{""block"":""256"",""size"":""320000""}",72969.975,135241
nsys,gpu-benches,gpu-l2-stream,"{""block"":""256"",""size"":""40000""}",45827.145000000004,59690
nsys,gpu-benches,gpu-l2-stream,"{""block"":""256"",""size"":""640000""}",105170.13,236752
nsys,gpu-benches,gpu-l2-stream,"{""block"":""256"",""size"":""80000""}",49870.665,64426
nsys,gpu-benches,gpu-stream,"{""block"":""128"",""size"":""10000""}",40997.385,44966
nsys,gpu-benches,gpu-stream,"{""block"":""128"",""size"":""1280000""}",342130.23,437480
nsys,gpu-benches,gpu-stream,"{""block"":""128"",""size"":""160000""}",58913.595,85602
nsys,gpu-benches,gpu-stream,"{""block"":""128"",""size"":""20000""}",43710.615,46110
nsys,gpu-benches,gpu-stream,"{""block"":""128"",""size"":""320000""}",78172.965,139302
nsys,gpu-benches,gpu-stream,"{""block"":""128"",""size"":""40000""}",45809.595,48346
nsys,gpu-benches,gpu-stream,"{""block"":""128"",""size"":""640000""}",116064.58500000002,234717
nsys,gpu-benches,gpu-stream,"{""block"":""128"",""size"":""80000""}",50545.17,64738
nsys,gpu-benches,gpu-stream,"{""block"":""256"",""size"":""10000""}",40567.995,58439
nsys,gpu-benches,gpu-stream,"{""block"":""256"",""size"":""1280000""}",348192.585,431045
nsys,gpu-benches,gpu-stream,"{""block"":""256"",""size"":""160000""}",58181.76,97194
nsys,gpu-benches,gpu-stream,"{""block"":""256"",""size"":""20000""}",42364.53,59178
nsys,gpu-benches,gpu-stream,"{""block"":""256"",""size"":""320000""}",72932.535,138654
nsys,gpu-benches,gpu-stream,"{""block"":""256"",""size"":""40000""}",45283.095,60658
nsys,gpu-benches,gpu-stream,"{""block"":""256"",""size"":""640000""}",104664.69,243402
nsys,gpu-benches,gpu-stream,"{""block"":""256"",""size"":""80000""}",49721.49,65566
nsys,gpu-benches,gpu-strides,"{""block"":""128"",""size"":""10000""}",44947.305,71214
nsys,gpu-benches,gpu-strides,"{""block"":""128"",""size"":""160000""}",65127.465,164353
nsys,gpu-benches,gpu-strides,"{""block"":""128"",""size"":""20000""}",48017.97,72358
nsys,gpu-benches,gpu-strides,"{""block"":""128"",""size"":""320000""}",82817.865,296809
nsys,gpu-benches,gpu-strides,"{""block"":""128"",""size"":""40000""}",49889.97,74594
nsys,gpu-benches,gpu-strides,"{""block"":""128"",""size"":""640000""}",120894.93000000001,523483
nsys,gpu-benches,gpu-strides,"{""block"":""128"",""size"":""80000""}",55412.37,117238
nsys,gpu-benches,gpu-strides,"{""block"":""256"",""size"":""10000""}",44478.72,111111
nsys,gpu-benches,gpu-strides,"{""block"":""256"",""size"":""160000""}",65464.424999999996,202369
nsys,gpu-benches,gpu-strides,"{""block"":""256"",""size"":""20000""}",46351.305,111850
nsys,gpu-benches,gpu-strides,"{""block"":""256"",""size"":""320000""}",80738.77500000001,296161
nsys,gpu-benches,gpu-strides,"{""block"":""256"",""size"":""40000""}",49476.96,113330
nsys,gpu-benches,gpu-strides,"{""block"":""256"",""size"":""640000""}",118272.96,558592
nsys,gpu-benches,gpu-strides,"{""block"":""256"",""size"":""80000""}",55690.83,118066