source,bucket,package,lines,path
nvidia,new,,48,nvidia/driver/builder.go
nvidia,new,,2,nvidia/driver/doc.go
nvidia,new,,134,nvidia/driver/driver.go
nvidia,new,,547,nvidia/gpu/builder.go
nvidia,new,,2,nvidia/gpu/doc.go
nvidia,new,,370,nvidia/gpu/gpucontroller.go
nvidia,new,,2,nvidia/message/doc.go
nvidia,new,,212,nvidia/message/message.go
nvidia,new,,61,nvidia/platform/A100builder.go
nvidia,new,,75,nvidia/platform/H100builder.go
nvidia,new,,3,nvidia/platform/doc.go
nvidia,new,,11,nvidia/platform/platform.go
nvidia,new,,41,nvidia/runner/builder.go
nvidia,new,,3,nvidia/runner/doc.go
nvidia,new,,73,nvidia/runner/runner.go
nvidia,new,,284,nvidia/sm/builder.go
nvidia,new,,2,nvidia/sm/doc.go
nvidia,adapted,,386,nvidia/sm/smcontroller.go
nvidia,new,,56,nvidia/smsp/builder.go
nvidia,new,,2,nvidia/smsp/doc.go
nvidia,adapted,,127,nvidia/smsp/pipelineinstance.go
nvidia,adapted,,121,nvidia/smsp/resourcepool.go
nvidia,adapted,,188,nvidia/smsp/scheduler.go
nvidia,adapted,,128,nvidia/smsp/scoreboard.go
nvidia,adapted,,364,nvidia/smsp/smspcontroller.go
nvidia,adapted,,354,nvidia/smsp/stage.go
nvidia,new,,76,nvidia/trace/builder.go
nvidia,new,,2,nvidia/trace/doc.go
nvidia,new,,181,nvidia/trace/opcode.go
nvidia,new,,213,nvidia/trace/reader.go
nvidia,new,,134,nvidia/trace/trace.go
akita,unchanged,github.com/sarchlab/akita/v4/analysis,167,/Users/enze/go/pkg/mod/github.com/sarchlab/akita/v4@v4.7.0/analysis/buffer_analyzer.go
akita,unchanged,github.com/sarchlab/akita/v4/analysis,3,/Users/enze/go/pkg/mod/github.com/sarchlab/akita/v4@v4.7.0/analysis/doc.go
akita,unchanged,github.com/sarchlab/akita/v4/analysis,211,/Users/enze/go/pkg/mod/github.com/sarchlab/akita/v4@v4.7.0/analysis/perf_analyzer.go
akita,unchanged,github.com/sarchlab/akita/v4/analysis,182,/Users/enze/go/pkg/mod/github.com/sarchlab/akita/v4@v4.7.0/analysis/perf_analyzer_backend.go
akita,unchanged,github.com/sarchlab/akita/v4/analysis,165,/Users/enze/go/pkg/mod/github.com/sarchlab/akita/v4@v4.7.0/analysis/port_analyzer.go
akita,unchanged,github.com/sarchlab/akita/v4/datarecording,208,/Users/enze/go/pkg/mod/github.com/sarchlab/akita/v4@v4.7.0/datarecording/datareader.go
akita,unchanged,github.com/sarchlab/akita/v4/datarecording,411,/Users/enze/go/pkg/mod/github.com/sarchlab/akita/v4@v4.7.0/datarecording/datarecorder.go
akita,unchanged,github.com/sarchlab/akita/v4/datarecording,3,/Users/enze/go/pkg/mod/github.com/sarchlab/akita/v4@v4.7.0/datarecording/doc.go
akita,unchanged,github.com/sarchlab/akita/v4/datarecording,63,/Users/enze/go/pkg/mod/github.com/sarchlab/akita/v4@v4.7.0/datarecording/execrecorder.go
akita,unchanged,github.com/sarchlab/akita/v4/mem/cache,126,/Users/enze/go/pkg/mod/github.com/sarchlab/akita/v4@v4.7.0/mem/cache/directory.go
akita,unchanged,github.com/sarchlab/akita/v4/mem/cache,3,/Users/enze/go/pkg/mod/github.com/sarchlab/akita/v4@v4.7.0/mem/cache/doc.go
akita,unchanged,github.com/sarchlab/akita/v4/mem/cache,86,/Users/enze/go/pkg/mod/github.com/sarchlab/akita/v4@v4.7.0/mem/cache/mshr.go
akita,unchanged,github.com/sarchlab/akita/v4/mem/cache,223,/Users/enze/go/pkg/mod/github.com/sarchlab/akita/v4@v4.7.0/mem/cache/protocol.go
akita,unchanged,github.com/sarchlab/akita/v4/mem/cache,28,/Users/enze/go/pkg/mod/github.com/sarchlab/akita/v4@v4.7.0/mem/cache/victimfinder.go
akita,unchanged,github.com/sarchlab/akita/v4/mem/cache/writearound,128,/Users/enze/go/pkg/mod/github.com/sarchlab/akita/v4@v4.7.0/mem/cache/writearound/bankstage.go
akita,unchanged,github.com/sarchlab/akita/v4/mem/cache/writearound,145,/Users/enze/go/pkg/mod/github.com/sarchlab/akita/v4@v4.7.0/mem/cache/writearound/bottomparser.go
akita,unchanged,github.com/sarchlab/akita/v4/mem/cache/writearound,258,/Users/enze/go/pkg/mod/github.com/sarchlab/akita/v4@v4.7.0/mem/cache/writearound/builder.go
akita,unchanged,github.com/sarchlab/akita/v4/mem/cache/writearound,94,/Users/enze/go/pkg/mod/github.com/sarchlab/akita/v4@v4.7.0/mem/cache/writearound/cache.go
akita,unchanged,github.com/sarchlab/akita/v4/mem/cache/writearound,178,/Users/enze/go/pkg/mod/github.com/sarchlab/akita/v4@v4.7.0/mem/cache/writearound/coalescer.go
akita,unchanged,github.com/sarchlab/akita/v4/mem/cache/writearound,116,/Users/enze/go/pkg/mod/github.com/sarchlab/akita/v4@v4.7.0/mem/cache/writearound/controlstage.go
akita,unchanged,github.com/sarchlab/akita/v4/mem/cache/writearound,235,/Users/enze/go/pkg/mod/github.com/sarchlab/akita/v4@v4.7.0/mem/cache/writearound/directory.go
akita,unchanged,github.com/sarchlab/akita/v4/mem/cache/writearound,2,/Users/enze/go/pkg/mod/github.com/sarchlab/akita/v4@v4.7.0/mem/cache/writearound/doc.go
akita,unchanged,github.com/sarchlab/akita/v4/mem/cache/writearound,70,/Users/enze/go/pkg/mod/github.com/sarchlab/akita/v4@v4.7.0/mem/cache/writearound/respondstage.go
akita,unchanged,github.com/sarchlab/akita/v4/mem/cache/writearound,39,/Users/enze/go/pkg/mod/github.com/sarchlab/akita/v4@v4.7.0/mem/cache/writearound/transaction.go
akita,unchanged,github.com/sarchlab/akita/v4/mem/cache/writeback,352,/Users/enze/go/pkg/mod/github.com/sarchlab/akita/v4@v4.7.0/mem/cache/writeback/bankstage.go
akita,unchanged,github.com/sarchlab/akita/v4/mem/cache/writeback,282,/Users/enze/go/pkg/mod/github.com/sarchlab/akita/v4@v4.7.0/mem/cache/writeback/builder.go
akita,unchanged,github.com/sarchlab/akita/v4/mem/cache/writeback,445,/Users/enze/go/pkg/mod/github.com/sarchlab/akita/v4@v4.7.0/mem/cache/writeback/directorystage.go
akita,unchanged,github.com/sarchlab/akita/v4/mem/cache/writeback,2,/Users/enze/go/pkg/mod/github.com/sarchlab/akita/v4@v4.7.0/mem/cache/writeback/doc.go
akita,unchanged,github.com/sarchlab/akita/v4/mem/cache/writeback,165,/Users/enze/go/pkg/mod/github.com/sarchlab/akita/v4@v4.7.0/mem/cache/writeback/flusher.go
akita,unchanged,github.com/sarchlab/akita/v4/mem/cache/writeback,95,/Users/enze/go/pkg/mod/github.com/sarchlab/akita/v4@v4.7.0/mem/cache/writeback/mshrstage.go
akita,unchanged,github.com/sarchlab/akita/v4/mem/cache/writeback,35,/Users/enze/go/pkg/mod/github.com/sarchlab/akita/v4@v4.7.0/mem/cache/writeback/topparser.go
akita,unchanged,github.com/sarchlab/akita/v4/mem/cache/writeback,58,/Users/enze/go/pkg/mod/github.com/sarchlab/akita/v4@v4.7.0/mem/cache/writeback/transaction.go
akita,unchanged,github.com/sarchlab/akita/v4/mem/cache/writeback,25,/Users/enze/go/pkg/mod/github.com/sarchlab/akita/v4@v4.7.0/mem/cache/writeback/util.go
akita,unchanged,github.com/sarchlab/akita/v4/mem/cache/writeback,100,/Users/enze/go/pkg/mod/github.com/sarchlab/akita/v4@v4.7.0/mem/cache/writeback/writebackcache.go
akita,unchanged,github.com/sarchlab/akita/v4/mem/cache/writeback,337,/Users/enze/go/pkg/mod/github.com/sarchlab/akita/v4@v4.7.0/mem/cache/writeback/writebufferstage.go
akita,unchanged,github.com/sarchlab/akita/v4/mem/idealmemcontroller,101,/Users/enze/go/pkg/mod/github.com/sarchlab/akita/v4@v4.7.0/mem/idealmemcontroller/builder.go
akita,unchanged,github.com/sarchlab/akita/v4/mem/idealmemcontroller,42,/Users/enze/go/pkg/mod/github.com/sarchlab/akita/v4@v4.7.0/mem/idealmemcontroller/comp.go
akita,unchanged,github.com/sarchlab/akita/v4/mem/idealmemcontroller,99,/Users/enze/go/pkg/mod/github.com/sarchlab/akita/v4@v4.7.0/mem/idealmemcontroller/ctrlmiddleware.go
akita,unchanged,github.com/sarchlab/akita/v4/mem/idealmemcontroller,3,/Users/enze/go/pkg/mod/github.com/sarchlab/akita/v4@v4.7.0/mem/idealmemcontroller/doc.go
akita,unchanged,github.com/sarchlab/akita/v4/mem/idealmemcontroller,165,/Users/enze/go/pkg/mod/github.com/sarchlab/akita/v4@v4.7.0/mem/idealmemcontroller/memMiddleware.go
akita,unchanged,github.com/sarchlab/akita/v4/mem/mem,44,/Users/enze/go/pkg/mod/github.com/sarchlab/akita/v4@v4.7.0/mem/mem/addressconverter.go
akita,unchanged,github.com/sarchlab/akita/v4/mem/mem,62,/Users/enze/go/pkg/mod/github.com/sarchlab/akita/v4@v4.7.0/mem/mem/addresstoportmapper.go
akita,unchanged,github.com/sarchlab/akita/v4/mem/mem,2,/Users/enze/go/pkg/mod/github.com/sarchlab/akita/v4@v4.7.0/mem/mem/doc.go
akita,unchanged,github.com/sarchlab/akita/v4/mem/mem,445,/Users/enze/go/pkg/mod/github.com/sarchlab/akita/v4@v4.7.0/mem/mem/protocol.go
akita,unchanged,github.com/sarchlab/akita/v4/mem/mem,126,/Users/enze/go/pkg/mod/github.com/sarchlab/akita/v4@v4.7.0/mem/mem/storage.go
akita,unchanged,github.com/sarchlab/akita/v4/mem/vm,156,/Users/enze/go/pkg/mod/github.com/sarchlab/akita/v4@v4.7.0/mem/vm/pagetable.go
akita,unchanged,github.com/sarchlab/akita/v4/mem/vm,218,/Users/enze/go/pkg/mod/github.com/sarchlab/akita/v4@v4.7.0/mem/vm/protocol.go
akita,unchanged,github.com/sarchlab/akita/v4/mem/vm,33,/Users/enze/go/pkg/mod/github.com/sarchlab/akita/v4@v4.7.0/mem/vm/tlbtracer.go
akita,unchanged,github.com/sarchlab/akita/v4/monitoring,3,/Users/enze/go/pkg/mod/github.com/sarchlab/akita/v4@v4.7.0/monitoring/doc.go
akita,unchanged,github.com/sarchlab/akita/v4/monitoring,451,/Users/enze/go/pkg/mod/github.com/sarchlab/akita/v4@v4.7.0/monitoring/monitor.go
akita,unchanged,github.com/sarchlab/akita/v4/monitoring,35,/Users/enze/go/pkg/mod/github.com/sarchlab/akita/v4@v4.7.0/monitoring/progress.go
akita,unchanged,github.com/sarchlab/akita/v4/monitoring/web,47,/Users/enze/go/pkg/mod/github.com/sarchlab/akita/v4@v4.7.0/monitoring/web/web.go
akita,unchanged,github.com/sarchlab/akita/v4/pipelining,53,/Users/enze/go/pkg/mod/github.com/sarchlab/akita/v4@v4.7.0/pipelining/builder.go
akita,unchanged,github.com/sarchlab/akita/v4/pipelining,150,/Users/enze/go/pkg/mod/github.com/sarchlab/akita/v4@v4.7.0/pipelining/pipeline.go
akita,unchanged,github.com/sarchlab/akita/v4/sim,85,/Users/enze/go/pkg/mod/github.com/sarchlab/akita/v4@v4.7.0/sim/buffer.go
akita,unchanged,github.com/sarchlab/akita/v4/sim,36,/Users/enze/go/pkg/mod/github.com/sarchlab/akita/v4@v4.7.0/sim/component.go
akita,unchanged,github.com/sarchlab/akita/v4/sim,27,/Users/enze/go/pkg/mod/github.com/sarchlab/akita/v4@v4.7.0/sim/connection.go
akita,unchanged,github.com/sarchlab/akita/v4/sim,3,/Users/enze/go/pkg/mod/github.com/sarchlab/akita/v4@v4.7.0/sim/doc.go
akita,unchanged,github.com/sarchlab/akita/v4/sim,18,/Users/enze/go/pkg/mod/github.com/sarchlab/akita/v4@v4.7.0/sim/domain.go
akita,unchanged,github.com/sarchlab/akita/v4/sim,21,/Users/enze/go/pkg/mod/github.com/sarchlab/akita/v4@v4.7.0/sim/engine.go
akita,unchanged,github.com/sarchlab/akita/v4/sim,48,/Users/enze/go/pkg/mod/github.com/sarchlab/akita/v4@v4.7.0/sim/event.go
akita,unchanged,github.com/sarchlab/akita/v4/sim,32,/Users/enze/go/pkg/mod/github.com/sarchlab/akita/v4@v4.7.0/sim/eventlogger.go
akita,unchanged,github.com/sarchlab/akita/v4/sim,132,/Users/enze/go/pkg/mod/github.com/sarchlab/akita/v4@v4.7.0/sim/eventqueue.go
akita,unchanged,github.com/sarchlab/akita/v4/sim,80,/Users/enze/go/pkg/mod/github.com/sarchlab/akita/v4@v4.7.0/sim/freq.go
akita,unchanged,github.com/sarchlab/akita/v4/sim,68,/Users/enze/go/pkg/mod/github.com/sarchlab/akita/v4@v4.7.0/sim/hook.go
akita,unchanged,github.com/sarchlab/akita/v4/sim,72,/Users/enze/go/pkg/mod/github.com/sarchlab/akita/v4@v4.7.0/sim/idgenerator.go
akita,unchanged,github.com/sarchlab/akita/v4/sim,13,/Users/enze/go/pkg/mod/github.com/sarchlab/akita/v4@v4.7.0/sim/loghook.go
akita,unchanged,github.com/sarchlab/akita/v4/sim,28,/Users/enze/go/pkg/mod/github.com/sarchlab/akita/v4@v4.7.0/sim/middleware.go
akita,unchanged,github.com/sarchlab/akita/v4/sim,87,/Users/enze/go/pkg/mod/github.com/sarchlab/akita/v4@v4.7.0/sim/msg.go
akita,unchanged,github.com/sarchlab/akita/v4/sim,239,/Users/enze/go/pkg/mod/github.com/sarchlab/akita/v4@v4.7.0/sim/parallelengine.go
akita,unchanged,github.com/sarchlab/akita/v4/sim,232,/Users/enze/go/pkg/mod/github.com/sarchlab/akita/v4@v4.7.0/sim/port.go
akita,unchanged,github.com/sarchlab/akita/v4/sim,34,/Users/enze/go/pkg/mod/github.com/sarchlab/akita/v4@v4.7.0/sim/portmsglogger.go
akita,unchanged,github.com/sarchlab/akita/v4/sim,58,/Users/enze/go/pkg/mod/github.com/sarchlab/akita/v4@v4.7.0/sim/portowner.go
akita,unchanged,github.com/sarchlab/akita/v4/sim,124,/Users/enze/go/pkg/mod/github.com/sarchlab/akita/v4@v4.7.0/sim/serialengine.go
akita,unchanged,github.com/sarchlab/akita/v4/sim,148,/Users/enze/go/pkg/mod/github.com/sarchlab/akita/v4@v4.7.0/sim/ticker.go
akita,unchanged,github.com/sarchlab/akita/v4/sim,113,/Users/enze/go/pkg/mod/github.com/sarchlab/akita/v4@v4.7.0/sim/tokenizedname.go
akita,unchanged,github.com/sarchlab/akita/v4/sim/directconnection,33,/Users/enze/go/pkg/mod/github.com/sarchlab/akita/v4@v4.7.0/sim/directconnection/builder.go
akita,unchanged,github.com/sarchlab/akita/v4/sim/directconnection,101,/Users/enze/go/pkg/mod/github.com/sarchlab/akita/v4@v4.7.0/sim/directconnection/directconnection.go
akita,unchanged,github.com/sarchlab/akita/v4/simulation,60,/Users/enze/go/pkg/mod/github.com/sarchlab/akita/v4@v4.7.0/simulation/builder.go
akita,unchanged,github.com/sarchlab/akita/v4/simulation,84,/Users/enze/go/pkg/mod/github.com/sarchlab/akita/v4@v4.7.0/simulation/simulation.go
akita,unchanged,github.com/sarchlab/akita/v4/tracing,210,/Users/enze/go/pkg/mod/github.com/sarchlab/akita/v4@v4.7.0/tracing/api.go
akita,unchanged,github.com/sarchlab/akita/v4/tracing,76,/Users/enze/go/pkg/mod/github.com/sarchlab/akita/v4@v4.7.0/tracing/averagetimetracer.go
akita,unchanged,github.com/sarchlab/akita/v4/tracing,59,/Users/enze/go/pkg/mod/github.com/sarchlab/akita/v4@v4.7.0/tracing/backtracetracer.go
akita,unchanged,github.com/sarchlab/akita/v4/tracing,160,/Users/enze/go/pkg/mod/github.com/sarchlab/akita/v4@v4.7.0/tracing/busytimetracer.go
akita,unchanged,github.com/sarchlab/akita/v4/tracing,185,/Users/enze/go/pkg/mod/github.com/sarchlab/akita/v4@v4.7.0/tracing/dbtracer.go
akita,unchanged,github.com/sarchlab/akita/v4/tracing,3,/Users/enze/go/pkg/mod/github.com/sarchlab/akita/v4@v4.7.0/tracing/doc.go
akita,unchanged,github.com/sarchlab/akita/v4/tracing,95,/Users/enze/go/pkg/mod/github.com/sarchlab/akita/v4@v4.7.0/tracing/stepcounttracer.go
akita,unchanged,github.com/sarchlab/akita/v4/tracing,46,/Users/enze/go/pkg/mod/github.com/sarchlab/akita/v4@v4.7.0/tracing/task.go
akita,unchanged,github.com/sarchlab/akita/v4/tracing,65,/Users/enze/go/pkg/mod/github.com/sarchlab/akita/v4@v4.7.0/tracing/totaltimetracer.go
akita,unchanged,github.com/sarchlab/akita/v4/tracing,37,/Users/enze/go/pkg/mod/github.com/sarchlab/akita/v4@v4.7.0/tracing/tracehook.go
akita,unchanged,github.com/sarchlab/akita/v4/tracing,8,/Users/enze/go/pkg/mod/github.com/sarchlab/akita/v4@v4.7.0/tracing/tracer.go
